Date,case,wastewater,temp
2020-09-14,3,0.03234712,16.7
2020-09-15,9,0.03234712,17.1
2020-09-16,12,0.03234712,14.5
2020-09-17,19,0.03234712,20.5
2020-09-18,9,0.03234712,16.6
2020-09-19,14,0.03234712,13.7
2020-09-20,3,0.03234712,17.7
2020-09-21,0,0.18021966,18.1
2020-09-22,22,0.18021966,20.0
2020-09-23,14,0.18021966,21.7
2020-09-24,23,0.18021966,18.4
2020-09-25,19,0.18021966,16.9
2020-09-26,10,0.18021966,14.4
2020-09-27,17,0.18021966,14.1
2020-09-28,6,0.86413015,13.8
2020-09-29,34,0.86413015,16.6
2020-09-30,23,0.86413015,14.6
2020-10-01,36,0.86413015,18.3
2020-10-02,62,0.86413015,14.5
2020-10-03,54,0.86413015,14.4
2020-10-04,11,0.86413015,17.9
2020-10-05,39,0.79019388,14.4
2020-10-06,104,0.79019388,16.3
2020-10-07,67,0.79019388,14.6
2020-10-08,51,0.79019388,13.1
2020-10-09,8,0.79019388,12.1
2020-10-10,8,0.79019388,12.3
2020-10-11,8,0.79019388,9.5
2020-10-12,173,1.86689079,10.8
2020-10-13,61,1.86689079,10.2
2020-10-14,30,1.86689079,10.8
2020-10-15,64,1.86689079,9.6
2020-10-16,91,1.86689079,10.8
2020-10-17,30,1.86689079,8.4
2020-10-18,56,1.86689079,6.0
2020-10-19,48,3.75226565,5.6
2020-10-20,65,3.75226565,10.1
2020-10-21,50,3.75226565,11.0
2020-10-22,42,3.75226565,11.7
2020-10-23,66,3.75226565,3.7
2020-10-24,45,3.75226565,12.5
2020-10-25,33,3.75226565,12.2
2020-10-26,82,2.20884604,10.7
2020-10-27,63,2.20884604,11.1
2020-10-28,113,2.20884604,10.2
2020-10-29,126,2.20884604,6.7
2020-10-30,242,2.20884604,8.6
2020-10-31,230,2.20884604,10.0
2020-11-01,27,2.20884604,15.7
2020-11-02,70,6.0720161,15.2
2020-11-03,108,6.0720161,8.8
2020-11-04,202,6.0720161,11.8
2020-11-05,284,6.0720161,14.2
2020-11-06,166,6.0720161,10.9
2020-11-07,51,6.0720161,9.9
2020-11-08,134,6.0720161,7.3
2020-11-09,165,11.3122491,5.9
2020-11-10,168,11.3122491,7.4
2020-11-11,232,11.3122491,6.5
2020-11-12,268,11.3122491,7.6
2020-11-13,239,11.3122491,9.2
2020-11-14,198,11.3122491,10.4
2020-11-15,87,11.3122491,10.9
2020-11-16,78,5.6330195,10.0
2020-11-17,263,5.6330195,13.6
2020-11-18,143,5.6330195,12.0
2020-11-19,401,5.6330195,3.5
2020-11-20,264,5.6330195,6.3
2020-11-21,198,5.6330195,7.3
2020-11-22,83,5.6330195,6.0
2020-11-23,146,2.54618027,6.6
2020-11-24,220,2.54618027,9.7
2020-11-25,258,2.54618027,9.0
2020-11-26,275,2.54618027,1.4
2020-11-27,238,2.54618027,1.3
2020-11-28,209,2.54618027,0.6
2020-11-29,52,2.54618027,1.7
2020-11-30,102,2.21346706,2.3
2020-12-01,180,2.21346706,3.3
2020-12-02,356,2.21346706,3.5
2020-12-03,237,2.21346706,4.4
2020-12-04,277,2.21346706,6.4
2020-12-05,194,2.21346706,7.9
2020-12-06,51,2.21346706,6.5
2020-12-07,147,0.89185625,4.5
2020-12-08,197,0.89185625,3.2
2020-12-09,392,0.89185625,3.0
2020-12-10,249,0.89185625,2.5
2020-12-11,274,0.89185625,5.2
2020-12-12,188,0.89185625,5.2
2020-12-13,66,0.89185625,2.1
2020-12-14,119,0.89185625,6.9
2020-12-15,341,0.89185625,7.0
2020-12-16,264,0.89185625,4.9
2020-12-17,254,0.89185625,6.2
2020-12-18,327,0.89185625,7.8
2020-12-19,280,0.89185625,6.9
2020-12-20,47,0.89185625,6.7
2020-12-21,135,0.89185625,6.0
2020-12-22,144,0.89185625,5.0
2020-12-23,475,0.89185625,1.2
2020-12-24,233,0.89185625,0.5
2020-12-25,71,0.89185625,-0.6
2020-12-26,80,0.89185625,5.3
2020-12-27,66,0.89185625,4.8
2020-12-28,156,0.89185625,5.0
2020-12-29,302,0.89185625,4.5
2020-12-30,382,0.89185625,3.2
2020-12-31,231,0.89185625,3.4
2021-01-01,85,0.89185625,2.0
2021-01-02,128,0.89185625,1.5
2021-01-03,78,0.89185625,0.6
2021-01-04,83,2.42141281,0.5
2021-01-05,314,2.42141281,-1.0
2021-01-06,220,2.42141281,0.2
2021-01-07,98,2.42141281,0.8
2021-01-08,184,2.42141281,0.2
2021-01-09,168,2.42141281,-0.1
2021-01-10,54,2.42141281,0.7
2021-01-11,49,2.90661958,1.8
2021-01-12,181,2.90661958,0.3
2021-01-13,122,2.90661958,-1.0
2021-01-14,136,2.90661958,-6.4
2021-01-15,141,2.90661958,-2.1
2021-01-16,39,2.90661958,-2.0
2021-01-17,22,2.90661958,-0.7
2021-01-18,82,0.85950913,0.1
2021-01-19,69,0.85950913,0.9
2021-01-20,119,0.85950913,4.3
2021-01-21,192,0.85950913,4.9
2021-01-22,112,0.85950913,4.8
2021-01-23,84,0.85950913,2.1
2021-01-24,36,0.85950913,0.4
2021-01-25,1,1.81605961,-1.6
2021-01-26,153,1.81605961,-2.7
2021-01-27,108,1.81605961,-1.7
2021-01-28,100,1.81605961,-1.6
2021-01-29,102,1.81605961,-4.6
2021-01-30,58,1.81605961,-5.8
2021-01-31,38,1.81605961,-6.3
2021-02-01,31,0.73474168,-2.0
2021-02-02,129,0.73474168,-2.6
2021-02-03,84,0.73474168,-7.0
2021-02-04,136,0.73474168,-5.2
2021-02-05,94,0.73474168,-5.6
2021-02-06,52,0.73474168,-5.9
2021-02-07,35,0.73474168,-3.3
2021-02-08,57,1.35395793,-5.0
2021-02-09,166,1.35395793,-6.1
2021-02-10,131,1.35395793,-5.2
2021-02-11,91,1.35395793,-1.5
2021-02-12,110,1.35395793,-0.2
2021-02-13,112,1.35395793,-0.0
2021-02-14,43,1.35395793,-2.4
2021-02-15,18,4.21436733,-2.3
2021-02-16,134,4.21436733,-1.9
2021-02-17,164,4.21436733,-2.0
2021-02-18,141,4.21436733,1.8
2021-02-19,117,4.21436733,3.9
2021-02-20,102,4.21436733,6.3
2021-02-21,49,4.21436733,5.5
2021-02-22,42,2.29202434,5.0
2021-02-23,177,2.29202434,9.4
2021-02-24,126,2.29202434,10.5
2021-02-25,133,2.29202434,10.8
2021-02-26,110,2.29202434,8.5
2021-02-27,106,2.29202434,11.5
2021-02-28,36,2.29202434,9.9
2021-03-01,38,12.3843251,9.1
2021-03-02,168,12.3843251,8.3
2021-03-03,143,12.3843251,4.7
2021-03-04,149,12.3843251,1.7
2021-03-05,156,12.3843251,5.7
2021-03-06,118,12.3843251,4.9
2021-03-07,20,12.3843251,3.1
2021-03-08,74,5.89179644,1.3
2021-03-09,166,5.89179644,-1.2
2021-03-10,166,5.89179644,2.9
2021-03-11,172,5.89179644,3.2
2021-03-12,153,5.89179644,5.7
2021-03-13,130,5.89179644,6.4
2021-03-14,51,5.89179644,8.4
2021-03-15,73,5.25871714,6.8
2021-03-16,236,5.25871714,3.1
2021-03-17,211,5.25871714,3.8
2021-03-18,219,5.25871714,1.5
2021-03-19,216,5.25871714,7.9
2021-03-20,248,5.25871714,6.9
2021-03-21,44,5.25871714,11.3
2021-03-22,42,3.91862226,15.3
2021-03-23,339,3.91862226,12.2
2021-03-24,221,3.91862226,11.6
2021-03-25,307,3.91862226,13.0
2021-03-26,247,3.91862226,13.8
2021-03-27,196,3.91862226,7.5
2021-03-28,77,3.91862226,11.8
2021-03-29,126,11.8621502,15.8
2021-03-30,299,11.8621502,12.2
2021-03-31,318,11.8621502,10.8
2021-04-01,325,11.8621502,9.3
2021-04-02,329,11.8621502,9.8
2021-04-03,151,11.8621502,12.7
2021-04-04,154,11.8621502,10.2
2021-04-05,112,10.2540363,9.7
2021-04-06,276,10.2540363,8.9
2021-04-07,315,10.2540363,9.4
2021-04-08,421,10.2540363,8.9
2021-04-09,303,10.2540363,10.2
2021-04-10,200,10.2540363,9.9
2021-04-11,175,10.2540363,5.9
2021-04-12,148,2.67094772,8.2
2021-04-13,299,2.67094772,9.1
2021-04-14,297,2.67094772,11.3
2021-04-15,398,2.67094772,13.2
2021-04-16,269,2.67094772,15.6
2021-04-17,206,2.67094772,17.6
2021-04-18,147,2.67094772,17.3
2021-04-19,107,8.87697331,17.7
2021-04-20,331,8.87697331,16.4
2021-04-21,406,8.87697331,8.6
2021-04-22,274,8.87697331,9.4
2021-04-23,206,8.87697331,6.7
2021-04-24,220,8.87697331,5.4
2021-04-25,95,8.87697331,6.2
2021-04-26,80,1.88075384,11.0
2021-04-27,290,1.88075384,11.2
2021-04-28,261,1.88075384,9.0
2021-04-29,271,1.88075384,11.0
2021-04-30,182,1.88075384,11.2
2021-05-01,133,1.88075384,12.0
2021-05-02,139,1.88075384,12.9
2021-05-03,127,1.1829803,12.1
2021-05-04,253,1.1829803,6.8
2021-05-05,257,1.1829803,4.2
2021-05-06,189,1.1829803,8.3
2021-05-07,120,1.1829803,14.6
2021-05-08,141,1.1829803,10.9
2021-05-09,111,1.1829803,17.2
2021-05-10,118,3.0498711,23.5
2021-05-11,168,3.0498711,24.1
2021-05-12,165,3.0498711,25.2
2021-05-13,85,3.0498711,22.0
2021-05-14,73,3.0498711,15.3
2021-05-15,88,3.0498711,16.9
2021-05-16,92,3.0498711,16.5
2021-05-17,91,0.21718779,19.5
2021-05-18,109,0.21718779,19.7
2021-05-19,93,0.21718779,17.7
2021-05-20,111,0.21718779,18.1
2021-05-21,34,0.21718779,17.7
2021-05-22,25,0.21718779,10.1
2021-05-23,27,0.21718779,12.5
2021-05-24,135,0.63770032,16.9
2021-05-25,89,0.63770032,12.6
2021-05-26,45,0.63770032,7.8
2021-05-27,0,0.63770032,18.9
2021-05-28,0,0.63770032,19.4
2021-05-29,3,0.63770032,22.3
2021-05-30,2,0.63770032,21.6
2021-05-31,214,0.73936269,19.0
2021-06-01,58,0.73936269,22.7
2021-06-02,24,0.73936269,24.2
2021-06-03,51,0.73936269,23.9
2021-06-04,34,0.73936269,26.9
2021-06-05,17,0.73936269,26.2
2021-06-06,1,0.73936269,26.6
2021-06-07,21,0.09704135,21.4
2021-06-08,37,0.09704135,22.7
2021-06-09,17,0.09704135,25.2
2021-06-10,25,0.09704135,25.8
2021-06-11,14,0.09704135,21.3
2021-06-12,2,0.09704135,21.2
2021-06-13,4,0.09704135,21.2
2021-06-14,0,0.27263999,22.0
2021-06-15,0,0.27263999,22.4
2021-06-16,0,0.27263999,25.8
2021-06-17,90,0.27263999,31.0
2021-06-18,5,0.27263999,29.2
2021-06-19,0,0.27263999,29.9
2021-06-20,0,0.27263999,27.0
2021-06-21,17,0.04126568,24.3
2021-06-22,14,0.04126568,20.1
2021-06-23,4,0.04126568,23.7
2021-06-24,1,0.04126568,22.0
2021-06-25,0,0.04126568,22.9
2021-06-26,0,0.04126568,27.2
2021-06-27,0,0.04126568,25.2
2021-06-28,4,0.07314811,27.7
2021-06-29,14,0.07314811,23.9
2021-06-30,8,0.07314811,24.2
2021-07-01,13,0.07314811,26.9
2021-07-02,16,0.07314811,27.6
2021-07-03,0,0.07314811,29.0
2021-07-04,0,0.07314811,28.6
2021-07-05,18,0.15067732,27.4
2021-07-06,13,0.15067732,23.9
2021-07-07,14,0.15067732,26.6
2021-07-08,10,0.15067732,26.8
2021-07-09,5,0.15067732,28.4
2021-07-10,0,0.15067732,25.7
2021-07-11,0,0.15067732,26.7
2021-07-12,14,0.22649263,29.9
2021-07-13,7,0.22649263,31.6
2021-07-14,15,0.22649263,32.3
2021-07-15,8,0.22649263,29.0
2021-07-16,8,0.22649263,30.3
2021-07-17,0,0.22649263,26.9
2021-07-18,0,0.22649263,22.6
2021-07-19,13,0.19332908,22.3
2021-07-20,18,0.19332908,23.8
2021-07-21,11,0.19332908,29.8
2021-07-22,10,0.19332908,23.1
2021-07-23,18,0.19332908,26.7
2021-07-24,0,0.19332908,30.1
2021-07-25,0,0.19332908,29.1
2021-07-26,22,0.0656681,31.0
2021-07-27,22,0.0656681,25.9
2021-07-28,15,0.0656681,24.8
2021-07-29,12,0.0656681,22.3
2021-07-30,15,0.0656681,25.1
2021-07-31,0,0.0656681,22.5
2021-08-01,0,0.0656681,19.4
2021-08-02,29,0.03893749,21.2
2021-08-03,26,0.03893749,22.5
2021-08-04,16,0.03893749,24.0
2021-08-05,33,0.03893749,24.9
2021-08-06,22,0.03893749,20.4
2021-08-07,0,0.03893749,20.2
2021-08-08,0,0.03893749,22.2
2021-08-09,25,0.04561759,24.0
2021-08-10,40,0.04561759,24.1
2021-08-11,36,0.04561759,25.7
2021-08-12,32,0.04561759,24.5
2021-08-13,24,0.04561759,20.4
2021-08-14,0,0.04561759,17.2
2021-08-15,0,0.04561759,18.2
2021-08-16,47,0.01334731,16.0
2021-08-17,46,0.01334731,15.8
2021-08-18,28,0.01334731,17.2
2021-08-19,30,0.01334731,21.1
2021-08-20,31,0.01334731,19.0
2021-08-21,0,0.01334731,18.9
2021-08-22,0,0.01334731,18.5
2021-08-23,37,0.14653637,18.3
2021-08-24,55,0.14653637,17.0
2021-08-25,33,0.14653637,14.7
2021-08-26,26,0.14653637,14.2
2021-08-27,18,0.14653637,15.4
2021-08-28,0,0.14653637,18.6
2021-08-29,0,0.14653637,21.4
2021-08-30,22,0.03907451,18.1
2021-08-31,39,0.03907451,17.8
2021-09-01,4,0.03907451,20.4
2021-09-02,64,0.03907451,16.7
2021-09-03,46,0.03907451,14.9
2021-09-04,0,0.03907451,17.7
2021-09-05,0,0.03907451,18.5
2021-09-06,60,0.16665666,19.1
2021-09-07,27,0.16665666,23.4
2021-09-08,27,0.16665666,23.3
2021-09-09,38,0.16665666,16.4
2021-09-10,44,0.16665666,17.2
2021-09-11,0,0.16665666,18.5
2021-09-12,0,0.16665666,16.2
2021-09-13,73,0.31951269,16.5
2021-09-14,33,0.31951269,16.8
2021-09-15,42,0.31951269,11.7
2021-09-16,27,0.31951269,11.2
2021-09-17,28,0.31951269,11.8
2021-09-18,0,0.31951269,12.5
2021-09-19,0,0.31951269,11.4
2021-09-20,49,0.02740163,11.8
2021-09-21,22,0.02740163,14.1
2021-09-22,24,0.02740163,13.1
2021-09-23,24,0.02740163,11.8
2021-09-24,21,0.02740163,17.5
2021-09-25,0,0.02740163,18.5
2021-09-26,0,0.02740163,17.9
2021-09-27,29,0.1089265,15.0
2021-09-28,33,0.1089265,14.6
2021-09-29,40,0.1089265,12.7
2021-09-30,32,0.1089265,14.9
2021-10-01,22,0.1089265,15.5
2021-10-02,0,0.1089265,14.5
2021-10-03,0,0.1089265,15.0
2021-10-04,50,0.1378019,13.8
2021-10-05,36,0.1378019,14.8
2021-10-06,40,0.1378019,14.7
2021-10-07,40,0.1378019,16.2
2021-10-08,32,0.1378019,14.0
2021-10-09,0,0.1378019,13.0
2021-10-10,0,0.1378019,12.5
2021-10-11,43,0.27802953,9.5
2021-10-12,36,0.27802953,8.4
2021-10-13,19,0.27802953,10.1
2021-10-14,28,0.27802953,11.6
2021-10-15,16,0.27802953,10.6
2021-10-16,0,0.27802953,8.7
2021-10-17,0,0.27802953,8.2
2021-10-18,30,0.15792245,6.2
2021-10-19,33,0.15792245,15.3
2021-10-20,28,0.15792245,13.4
2021-10-21,19,0.15792245,8.1
2021-10-22,48,0.15792245,5.0
2021-10-23,7,0.15792245,9.8
2021-10-24,15,0.15792245,10.4
2021-10-25,20,0.3108191,12.1
2021-10-26,56,0.3108191,11.7
2021-10-27,53,0.3108191,13.4
2021-10-28,67,0.3108191,13.0
2021-10-29,31,0.3108191,10.3
2021-10-30,47,0.3108191,10.7
2021-10-31,18,0.3108191,12.8
2021-11-01,4,0.66446496,10.2
2021-11-02,36,0.66446496,8.1
2021-11-03,47,0.66446496,7.8
2021-11-04,33,0.66446496,6.5
2021-11-05,26,0.66446496,6.3
2021-11-06,23,0.66446496,4.2
2021-11-07,6,0.66446496,3.9
2021-11-08,19,0.16330412,5.7
2021-11-09,43,0.16330412,11.5
2021-11-10,40,0.16330412,8.3
2021-11-11,48,0.16330412,7.3
2021-11-12,38,0.16330412,4.7
2021-11-13,23,0.16330412,4.1
2021-11-14,11,0.16330412,5.6
2021-11-15,8,0.24859586,7.3
2021-11-16,63,0.24859586,5.8
2021-11-17,62,0.24859586,5.6
2021-11-18,49,0.24859586,10.7
2021-11-19,49,0.24859586,9.8
2021-11-20,29,0.24859586,2.1
2021-11-21,18,0.24859586,1.0
2021-11-22,29,0.15807439,2.1
2021-11-23,90,0.15807439,4.1
2021-11-24,68,0.15807439,6.6
2021-11-25,69,0.15807439,-1.0
2021-11-26,71,0.15807439,-2.0
2021-11-27,39,0.15807439,-1.3
2021-11-28,51,0.15807439,-3.5
2021-11-29,66,0.37070022,-4.5
2021-11-30,112,0.37070022,-8.7
2021-12-01,103,0.37070022,-4.4
2021-12-02,153,0.37070022,-5.1
2021-12-03,85,0.37070022,-5.7
2021-12-04,107,0.37070022,-4.6
2021-12-05,48,0.37070022,-7.6
2021-12-06,72,1.04371278,-11.9
2021-12-07,139,1.04371278,-1.7
2021-12-08,179,1.04371278,0.0
2021-12-09,185,1.04371278,2.1
2021-12-10,17,1.04371278,2.1
2021-12-11,2,1.04371278,1.8
2021-12-12,0,1.04371278,1.6
2021-12-13,417,0.76970772,2.8
2021-12-14,164,0.76970772,6.8
2021-12-15,74,0.76970772,6.9
2021-12-16,246,0.76970772,4.1
2021-12-17,167,0.76970772,10.6
2021-12-18,90,0.76970772,8.6
2021-12-19,14,0.76970772,2.2
2021-12-20,221,0.92660579,-4.9
2021-12-21,130,0.92660579,-5.0
2021-12-22,206,0.92660579,-2.2
2021-12-23,79,0.92660579,-2.4
2021-12-24,106,0.92660579,-4.0
2021-12-25,44,0.92660579,-2.4
2021-12-26,24,0.92660579,-4.1
2021-12-27,281,1.83702194,1.1
2021-12-28,281,1.83702194,0.9
2021-12-29,271,1.83702194,4.1
2021-12-30,351,1.83702194,4.1
2021-12-31,219,1.83702194,2.4
2022-01-01,58,1.83702194,3.9
2022-01-02,142,1.83702194,4.4
2022-01-03,293,3.2098905,4.5
2022-01-04,583,3.2098905,0.6
2022-01-05,796,3.2098905,-4.8
2022-01-06,321,3.2098905,-6.7
2022-01-07,556,3.2098905,0.3
2022-01-08,612,3.2098905,0.3
2022-01-09,267,3.2098905,-0.3
2022-01-10,1437,7.29006959,-0.3
2022-01-11,854,7.29006959,3.6
2022-01-12,1040,7.29006959,7.9
2022-01-13,801,7.29006959,6.6
2022-01-14,998,7.29006959,3.1
2022-01-15,463,7.29006959,4.4
2022-01-16,523,7.29006959,4.0
2022-01-17,1258,7.96057438,1.9
2022-01-18,1779,7.96057438,6.2
2022-01-19,1072,7.96057438,4.9
2022-01-20,1423,7.96057438,-0.2
2022-01-21,1470,7.96057438,-2.6
2022-01-22,36,7.96057438,0.5
2022-01-23,820,7.96057438,4.4
2022-01-24,2043,14.0432282,1.8
2022-01-25,2035,14.0432282,3.8
2022-01-26,1812,14.0432282,2.6
2022-01-27,2454,14.0432282,1.7
2022-01-28,1825,14.0432282,4.6
2022-01-29,1120,14.0432282,5.0
2022-01-30,688,14.0432282,-0.3
2022-01-31,1059,13.9463265,-4.1
2022-02-01,933,13.9463265,-4.7
2022-02-02,1061,13.9463265,-3.6
2022-02-03,927,13.9463265,3.5
2022-02-04,376,13.9463265,3.1
2022-02-05,322,13.9463265,3.5
2022-02-06,282,13.9463265,1.7
2022-02-07,637,20.3805066,5.0
2022-02-08,936,20.3805066,6.0
2022-02-09,543,20.3805066,5.0
2022-02-10,229,20.3805066,1.3
2022-02-11,208,20.3805066,4.4
2022-02-12,153,20.3805066,4.5
2022-02-13,74,20.3805066,4.3
2022-02-14,58,11.8313038,5.2
2022-02-15,188,11.8313038,4.0
2022-02-16,144,11.8313038,2.1
2022-02-17,120,11.8313038,3.6
2022-02-18,119,11.8313038,1.7
2022-02-19,7,11.8313038,0.4
2022-02-20,102,11.8313038,0.8
2022-02-21,76,6.87290592,-0.9
2022-02-22,89,6.87290592,0.3
2022-02-23,102,6.87290592,5.3
2022-02-24,61,6.87290592,4.4
2022-02-25,95,6.87290592,4.0
2022-02-26,33,6.87290592,6.1
2022-02-27,75,6.87290592,3.3
2022-02-28,54,9.67213267,4.7
2022-03-01,72,9.67213267,7.3
2022-03-02,73,9.67213267,4.6
2022-03-03,120,9.67213267,4.2
2022-03-04,47,9.67213267,4.2
2022-03-05,6,9.67213267,6.9
2022-03-06,1,9.67213267,7.5
2022-03-07,84,12.7815012,8.7
2022-03-08,74,12.7815012,8.2
2022-03-09,43,12.7815012,3.4
2022-03-10,60,12.7815012,6.2
2022-03-11,61,12.7815012,8.3
2022-03-12,5,12.7815012,10.6
2022-03-13,44,12.7815012,10.4
2022-03-14,24,6.61135557,9.4
2022-03-15,47,6.61135557,7.9
2022-03-16,44,6.61135557,8.6
2022-03-17,68,6.61135557,6.9
2022-03-18,59,6.61135557,11.5
2022-03-19,4,6.61135557,14.6
2022-03-20,42,6.61135557,11.6
2022-03-21,26,5.22671082,11.5
2022-03-22,59,5.22671082,11.6
2022-03-23,32,5.22671082,14.7
2022-03-24,80,5.22671082,14.9
2022-03-25,36,5.22671082,9.5
2022-03-26,6,5.22671082,7.7
2022-03-27,11,5.22671082,12.4
2022-03-28,45,4.55857042,3.1
2022-03-29,8,4.55857042,3.5
2022-03-30,83,4.55857042,5.4
2022-03-31,55,4.55857042,4.1
2022-04-01,39,4.55857042,6.3
2022-04-02,1,4.55857042,8.3
2022-04-03,36,4.55857042,4.2
2022-04-04,1,4.50114845,2.2
2022-04-05,40,4.50114845,5.7
2022-04-06,58,4.50114845,4.4
2022-04-07,52,4.50114845,2.2
2022-04-08,28,4.50114845,3.1
2022-04-09,13,4.50114845,8.1
2022-04-10,23,4.50114845,10.8
2022-04-11,29,4.19287154,12.1
2022-04-12,31,4.19287154,10.2
2022-04-13,37,4.19287154,7.1
2022-04-14,37,4.19287154,10.4
2022-04-15,13,4.19287154,15.5
2022-04-16,1,4.19287154,17.3
2022-04-17,6,4.19287154,19.9
2022-04-18,3,5.0705548,17.2
2022-04-19,14,5.0705548,17.5
2022-04-20,19,5.0705548,17.2
2022-04-21,29,5.0705548,16.9
2022-04-22,23,5.0705548,11.7
2022-04-23,7,5.0705548,10.6
2022-04-24,1,5.0705548,16.0
2022-04-25,18,3.53224798,12.3
2022-04-26,15,3.53224798,9.3
2022-04-27,14,3.53224798,13.2
2022-04-28,28,3.53224798,10.7
2022-04-29,16,3.53224798,14.3
2022-04-30,3,3.53224798,14.6
2022-05-01,11,3.53224798,17.1
2022-05-02,6,2.67011139,13.1
2022-05-03,5,2.67011139,14.2
2022-05-04,13,2.67011139,18.8
2022-05-05,35,2.67011139,20.6
2022-05-06,11,2.67011139,16.6
2022-05-07,2,2.67011139,13.6
2022-05-08,12,2.67011139,18.8
2022-05-09,4,2.70953321,17.2
2022-05-10,17,2.70953321,17.0
2022-05-11,8,2.70953321,18.8
2022-05-12,16,2.70953321,17.9
2022-05-13,4,2.70953321,18.2
2022-05-14,2,2.70953321,17.4
2022-05-15,13,2.70953321,15.6
2022-05-16,10,1.68949723,13.0
2022-05-17,5,1.68949723,22.4
2022-05-18,27,1.68949723,23.2
2022-05-19,14,1.68949723,16.4
2022-05-20,10,1.68949723,16.6
2022-05-21,3,1.68949723,18.7
2022-05-22,9,1.68949723,20.3
2022-05-23,15,2.48304358,20.1
2022-05-24,30,2.48304358,19.4
2022-05-25,11,2.48304358,18.8
2022-05-26,2,2.48304358,16.2
2022-05-27,10,2.48304358,11.7
2022-05-28,0,2.48304358,14.3
2022-05-29,7,2.48304358,15.2
2022-05-30,5,2.08418512,14.3
2022-05-31,9,2.08418512,19.3
2022-06-01,10,2.08418512,15.4
2022-06-02,14,2.08418512,20.9
2022-06-03,6,2.08418512,21.6
2022-06-04,4,2.08418512,20.3
2022-06-05,11,2.08418512,20.0
2022-06-06,4,3.38621592,21.6
2022-06-07,13,3.38621592,21.6
2022-06-08,25,3.38621592,21.9
2022-06-09,21,3.38621592,22.7
2022-06-10,20,3.38621592,22.0
2022-06-11,3,3.38621592,21.6
2022-06-12,15,3.38621592,21.2
2022-06-13,31,3.82458762,21.8
2022-06-14,43,3.82458762,22.7
2022-06-15,36,3.82458762,23.7
2022-06-16,21,3.82458762,23.8
2022-06-17,25,3.82458762,21.6
2022-06-18,5,3.82458762,22.6
2022-06-19,19,3.82458762,20.9
2022-06-20,5,6.87798733,24.5
2022-06-21,41,6.87798733,22.2
2022-06-22,28,6.87798733,26.2
2022-06-23,23,6.87798733,28.3
2022-06-24,36,6.87798733,29.0
2022-06-25,9,6.87798733,30.0
2022-06-26,15,6.87798733,31.7
2022-06-27,22,8.3554604,31.6
2022-06-28,35,8.3554604,25.6
2022-06-29,58,8.3554604,29.5
2022-06-30,38,8.3554604,25.0
2022-07-01,39,8.3554604,24.2
2022-07-02,5,8.3554604,24.7
2022-07-03,44,8.3554604,21.7
2022-07-04,28,5.97204595,20.9
2022-07-05,42,5.97204595,21.1
2022-07-06,31,5.97204595,19.3
2022-07-07,35,5.97204595,23.5
2022-07-08,36,5.97204595,23.5
2022-07-09,1,5.97204595,19.4
2022-07-10,39,5.97204595,22.6
2022-07-11,14,5.53166796,26.6
2022-07-12,44,5.53166796,26.2
2022-07-13,30,5.53166796,21.8
2022-07-14,50,5.53166796,17.1
2022-07-15,19,5.53166796,16.1
2022-07-16,5,5.53166796,22.5
2022-07-17,47,5.53166796,21.9
2022-07-18,20,5.93038483,23.5
2022-07-19,14,5.93038483,29.4
2022-07-20,80,5.93038483,33.7
2022-07-21,42,5.93038483,29.5
2022-07-22,35,5.93038483,18.1
2022-07-23,5,5.93038483,25.6
2022-07-24,23,5.93038483,22.9
2022-07-25,8,5.4938303,22.8
2022-07-26,45,5.4938303,19.4
2022-07-27,40,5.4938303,20.3
2022-07-28,37,5.4938303,23.9
2022-07-29,35,5.4938303,24.9
2022-07-30,5,5.4938303,26.0
2022-07-31,29,5.4938303,23.9
2022-08-01,17,7.38411695,22.8
2022-08-02,44,7.38411695,24.8
2022-08-03,52,7.38411695,27.4
2022-08-04,34,7.38411695,25.5
2022-08-05,25,7.38411695,19.8
2022-08-06,7,7.38411695,22.2
2022-08-07,42,7.38411695,23.5
2022-08-08,24,4.870208,25.0
2022-08-09,55,4.870208,25.1
2022-08-10,65,4.870208,28.2
2022-08-11,42,4.870208,26.7
2022-08-12,38,4.870208,28.8
2022-08-13,29,4.870208,29.4
2022-08-14,43,4.870208,28.5
2022-08-15,15,5.08145368,29.8
2022-08-16,52,5.08145368,27.8
2022-08-17,33,5.08145368,26.5
2022-08-18,32,5.08145368,30.2
2022-08-19,46,5.08145368,26.2
2022-08-20,2,5.08145368,23.2
2022-08-21,17,5.08145368,23.5
2022-08-22,9,2.1177289,21.6
2022-08-23,34,2.1177289,23.9
2022-08-24,47,2.1177289,25.1
2022-08-25,35,2.1177289,23.9
2022-08-26,24,2.1177289,23.8
2022-08-27,2,2.1177289,20.4
2022-08-28,26,2.1177289,17.0
2022-08-29,15,2.61366502,16.7
2022-08-30,37,2.61366502,17.4
2022-08-31,14,2.61366502,14.6
2022-09-01,45,2.61366502,15.1
2022-09-02,30,2.61366502,13.6
2022-09-03,2,2.61366502,16.1
2022-09-04,53,2.61366502,17.8
2022-09-05,16,2.26156061,21.0
2022-09-06,40,2.26156061,15.7
2022-09-07,33,2.26156061,16.5
2022-09-08,40,2.26156061,16.7
2022-09-09,30,2.26156061,16.7
2022-09-10,29,2.26156061,17.4
2022-09-11,16,2.26156061,19.0
2022-09-12,28,2.3467176,14.7
2022-09-13,25,2.3467176,13.2
2022-09-14,34,2.3467176,14.1
2022-09-15,52,2.3467176,14.4
2022-09-16,39,2.3467176,15.8
2022-09-17,2,2.3467176,13.2
2022-09-18,30,2.3467176,12.8
2022-09-19,20,2.58417867,12.4
2022-09-20,39,2.58417867,15.2
2022-09-21,33,2.58417867,16.3
2022-09-22,29,2.58417867,15.3
2022-09-23,31,2.58417867,15.7
2022-09-24,7,2.58417867,16.7
2022-09-25,41,2.58417867,12.2
2022-09-26,20,2.35631541,14.6
2022-09-27,37,2.35631541,14.9
2022-09-28,27,2.35631541,12.6
2022-09-29,27,2.35631541,13.4
2022-09-30,17,2.35631541,15.5
2022-10-01,5,2.35631541,13.5
2022-10-02,12,2.35631541,13.0
2022-10-03,21,2.02381323,15.4
2022-10-04,16,2.02381323,15.3
2022-10-05,44,2.02381323,15.7
2022-10-06,30,2.02381323,15.6
2022-10-07,12,2.02381323,14.6
2022-10-08,6,2.02381323,12.4
2022-10-09,26,2.02381323,14.1
2022-10-10,10,1.26623669,11.9
2022-10-11,22,1.26623669,10.9
2022-10-12,32,1.26623669,13.2
2022-10-13,21,1.26623669,13.6
2022-10-14,30,1.26623669,13.7
2022-10-15,1,1.26623669,13.7
2022-10-16,26,1.26623669,13.3
2022-10-17,8,3.79912832,9.9
2022-10-18,28,3.79912832,9.4
2022-10-19,23,3.79912832,9.8
2022-10-20,20,3.79912832,8.3
2022-10-21,19,3.79912832,8.6
2022-10-22,1,3.79912832,8.7
2022-10-23,25,3.79912832,9.2
2022-10-24,16,3.09376597,12.6
2022-10-25,27,3.09376597,11.4
2022-10-26,30,3.09376597,14.8
2022-10-27,23,3.09376597,13.4
2022-10-28,20,3.09376597,14.5
2022-10-29,4,3.09376597,11.7
2022-10-30,29,3.09376597,12.1
2022-10-31,13,3.29969851,10.4
2022-11-01,23,3.29969851,12.3
2022-11-02,15,3.29969851,10.5
2022-11-03,27,3.29969851,10.8
2022-11-04,20,3.29969851,9.0
2022-11-05,2,3.29969851,9.5
2022-11-06,4,3.29969851,10.0
2022-11-07,45,2.04238908,9.0
2022-11-08,41,2.04238908,11.0
2022-11-09,23,2.04238908,11.3
2022-11-10,32,2.04238908,14.6
2022-11-11,26,2.04238908,15.8
2022-11-12,3,2.04238908,9.6
2022-11-13,43,2.04238908,6.5
2022-11-14,15,3.4765389,6.6
2022-11-15,62,3.4765389,5.3
2022-11-16,56,3.4765389,3.0
2022-11-17,44,3.4765389,1.9
2022-11-18,27,3.4765389,1.8
2022-11-19,7,3.4765389,0.3
2022-11-20,41,3.4765389,0.2
2022-11-21,27,4.31577151,1.3
2022-11-22,63,4.31577151,1.8
2022-11-23,53,4.31577151,1.9
2022-11-24,64,4.31577151,2.0
2022-11-25,42,4.31577151,2.3
2022-11-26,5,4.31577151,1.5
2022-11-27,31,4.31577151,3.1
2022-11-28,43,4.34891566,3.1
2022-11-29,1,4.34891566,3.2
2022-11-30,132,4.34891566,2.3
2022-12-01,52,4.34891566,2.1
2022-12-02,67,4.34891566,0.8
2022-12-03,6,4.34891566,0.1
2022-12-04,66,4.34891566,-0.7
2022-12-05,43,9.1251634,-1.5
2022-12-06,96,9.1251634,-5.2
2022-12-07,90,9.1251634,-7.5
2022-12-08,0,9.1251634,-5.6
2022-12-09,154,9.1251634,-3.5
2022-12-10,7,9.1251634,-4.8
2022-12-11,47,9.1251634,-2.8
2022-12-12,81,10.2412494,-2.7
2022-12-13,138,10.2412494,-8.9
2022-12-14,122,10.2412494,-9.9
2022-12-15,100,10.2412494,-13.0
2022-12-16,92,10.2412494,-1.9
2022-12-17,17,10.2412494,3.0
2022-12-18,111,10.2412494,1.2
2022-12-19,58,14.668095,4.5
2022-12-20,131,14.668095,5.3
2022-12-21,100,14.668095,4.4
2022-12-22,101,14.668095,3.8
2022-12-23,65,14.668095,-7.5
2022-12-24,8,14.668095,-3.9
2022-12-25,66,14.668095,2.8
2022-12-26,19,16.2172475,1.7
2022-12-27,50,16.2172475,-0.3
2022-12-28,100,16.2172475,5.3
2022-12-29,62,16.2172475,5.5
2022-12-30,68,16.2172475,6.8
2022-12-31,9,16.2172475,6.0
2023-01-01,48,16.2172475,3.6
2023-01-02,22,10.4485044,1.7
2023-01-03,58,10.4485044,-2.2
2023-01-04,50,10.4485044,-1.0
2023-01-05,54,10.4485044,-3.7
2023-01-06,33,10.4485044,0.9
2023-01-07,1,10.4485044,4.1
2023-01-08,16,10.4485044,3.9
2023-01-09,16,6.77313702,3.6
2023-01-10,40,6.77313702,5.6
2023-01-11,36,6.77313702,5.5
2023-01-12,31,6.77313702,4.2
2023-01-13,12,6.77313702,4.5
2023-01-14,5,6.77313702,4.3
2023-01-15,19,6.77313702,3.6
2023-01-16,12,4.01246468,2.9
2023-01-17,21,4.01246468,3.0
2023-01-18,6,4.01246468,1.5
2023-01-19,15,4.01246468,0.6
2023-01-20,6,4.01246468,-0.0
2023-01-21,14,4.01246468,-5.0
2023-01-22,3,4.01246468,-3.0
2023-01-23,7,1.40809801,2.8
2023-01-24,7,1.40809801,6.2
2023-01-25,3,1.40809801,5.1
2023-01-26,6,1.40809801,0.1
2023-01-27,4,1.40809801,3.1
2023-01-28,7,1.40809801,4.7
2023-01-29,1,1.40809801,5.8
2023-01-30,6,1.22985093,4.6
2023-01-31,12,1.22985093,-0.5
2023-02-01,3,1.22985093,-1.3
2023-02-02,11,1.22985093,-1.6
2023-02-03,6,1.22985093,-1.8
2023-02-04,9,1.22985093,-0.9
2023-02-05,2,1.22985093,1.6
2023-02-06,10,4.32043921,3.6
2023-02-07,11,4.32043921,5.4
2023-02-08,10,4.32043921,4.4
2023-02-09,8,4.32043921,4.0
2023-02-10,6,4.32043921,1.4
2023-02-11,5,4.32043921,2.1
2023-02-12,6,4.32043921,7.6
2023-02-13,7,3.32453396,8.7
2023-02-14,15,3.32453396,3.0
2023-02-15,3,3.32453396,4.2
2023-02-16,4,3.32453396,4.8
2023-02-17,2,3.32453396,4.3
2023-02-18,5,3.32453396,2.7
2023-02-19,0,3.32453396,2.0
2023-02-20,1,2.32092234,-0.3
2023-02-21,0,2.32092234,-0.3
2023-02-22,13,2.32092234,0.3
2023-02-23,3,2.32092234,-0.7
2023-02-24,2,2.32092234,-0.9
2023-02-25,2,2.32092234,1.6
2023-02-26,1,2.32092234,8.6
2023-02-27,4,3.50997753,8.7
2023-02-28,1,3.50997753,8.9
2023-03-01,3,3.50997753,9.5
2023-03-02,0,3.50997753,6.6
2023-03-03,19,3.50997753,4.8
2023-03-04,4,3.50997753,1.3
2023-03-05,0,3.50997753,-1.3
2023-03-06,5,3.26829732,-0.8
2023-03-07,9,3.26829732,-2.0
2023-03-08,10,3.26829732,-1.1
2023-03-09,8,3.26829732,-2.4
2023-03-10,7,3.26829732,-1.0
2023-03-11,1,3.26829732,0.9
2023-03-12,6,3.26829732,1.8
2023-03-13,9,6.97118055,5.6
2023-03-14,4,6.97118055,5.1
2023-03-15,4,6.97118055,4.5
2023-03-16,3,6.97118055,3.6
2023-03-17,6,6.97118055,4.2
2023-03-18,1,6.97118055,8.2
2023-03-19,5,6.97118055,7.3
2023-03-20,6,4.84594488,6.5
2023-03-21,5,4.84594488,9.7
2023-03-22,10,4.84594488,12.0
2023-03-23,4,4.84594488,8.2
2023-03-24,10,4.84594488,5.1
2023-03-25,2,4.84594488,0.4
2023-03-26,1,4.84594488,-2.0
2023-03-27,6,3.05011546,-0.0
2023-03-28,8,3.05011546,-0.9
2023-03-29,7,3.05011546,1.6
2023-03-30,7,3.05011546,2.6
2023-03-31,6,3.05011546,6.0
2023-04-01,0,3.05011546,4.4
2023-04-02,4,3.05011546,4.8
2023-04-03,4,4.68370599,5.0
2023-04-04,7,4.68370599,3.6
2023-04-05,8,4.68370599,4.4
2023-04-06,4,4.68370599,6.1
2023-04-07,0,4.68370599,11.6
2023-04-08,1,4.68370599,11.4
2023-04-09,14,4.68370599,12.3
2023-04-10,6,6.62742343,14.7
2023-04-11,3,6.62742343,16.9
2023-04-12,6,6.62742343,10.7
2023-04-13,7,6.62742343,5.8
2023-04-14,7,6.62742343,12.7
2023-04-15,4,6.62742343,13.1
2023-04-16,2,6.62742343,13.8
2023-04-17,9,4.32163738,14.3
2023-04-18,0,4.32163738,14.8
2023-04-19,10,4.32163738,18.5
2023-04-20,4,4.32163738,19.6
2023-04-21,4,4.32163738,21.4
2023-04-22,4,4.32163738,18.1
2023-04-23,4,4.32163738,7.7
2023-04-24,5,4.52694839,7.5
2023-04-25,6,4.52694839,9.2
2023-04-26,9,4.52694839,10.4
2023-04-27,10,4.52694839,9.4
2023-04-28,2,4.52694839,11.1
2023-04-29,3,4.52694839,12.4
2023-04-30,3,4.52694839,10.3
2023-05-01,5,4.52694839,12.8
2023-05-02,3,4.52694839,13.0
2023-05-03,5,4.52694839,8.7
2023-05-04,4,4.52694839,11.3
2023-05-05,4,4.52694839,11.6
2023-05-06,3,4.52694839,13.2
2023-05-07,1,4.52694839,19.0
2023-05-08,10,3.58095984,19.4
2023-05-09,3,3.58095984,19.5
2023-05-10,7,3.58095984,21.3
2023-05-11,6,3.58095984,22.8
2023-05-12,3,3.58095984,22.8
2023-05-13,4,3.58095984,25.2
2023-05-14,4,3.58095984,22.7
2023-05-15,1,4.90437863,18.6
2023-05-16,5,4.90437863,13.1
2023-05-17,4,4.90437863,17.2
2023-05-18,3,4.90437863,20.6
2023-05-19,1,4.90437863,21.0
2023-05-20,1,4.90437863,22.3
2023-05-21,0,4.90437863,24.4
2023-05-22,6,3.83716615,23.3
2023-05-23,2,3.83716615,25.2
2023-05-24,1,3.83716615,22.4
2023-05-25,2,3.83716615,17.4
2023-05-26,2,3.83716615,20.6
2023-05-27,0,3.83716615,19.0
2023-05-28,0,3.83716615,18.6
2023-05-29,1,5.57283477,20.5
2023-05-30,0,5.57283477,21.0
2023-05-31,4,5.57283477,17.4
2023-06-01,2,5.57283477,16.2
2023-06-02,3,5.57283477,21.5
2023-06-03,2,5.57283477,18.0
2023-06-04,2,5.57283477,25.2
2023-06-05,2,4.8538408,22.3
2023-06-06,1,4.8538408,23.3
2023-06-07,5,4.8538408,19.0
2023-06-08,9,4.8538408,19.3
2023-06-09,4,4.8538408,22.5
2023-06-10,2,4.8538408,23.1
2023-06-11,2,4.8538408,24.4
2023-06-12,4,4.16923704,27.7
2023-06-13,1,4.16923704,28.2
2023-06-14,4,4.16923704,28.3
2023-06-15,5,4.16923704,27.9
2023-06-16,2,4.16923704,28.9
2023-06-17,2,4.16923704,23.9
2023-06-18,2,4.16923704,23.3
2023-06-19,2,2.7004105,27.9
2023-06-20,3,2.7004105,28.4
2023-06-21,3,2.7004105,28.3
2023-06-22,1,2.7004105,26.4
2023-06-23,0,2.7004105,26.7
2023-06-24,1,2.7004105,26.7
2023-06-25,0,2.7004105,27.8
2023-06-26,3,2.7004105,25.4
2023-06-27,0,2.7004105,29.3
2023-06-28,2,2.7004105,29.9
2023-06-29,0,2.7004105,26.2
2023-06-30,0,2.7004105,25.0
2023-07-01,0,2.7004105,20.1
2023-07-02,0,2.7004105,16.5
2023-07-03,2,2.29717436,20.3
2023-07-04,0,2.29717436,23.5
2023-07-05,0,2.29717436,21.4
2023-07-06,0,2.29717436,21.1
2023-07-07,2,2.29717436,25.0
2023-07-08,1,2.29717436,25.7
2023-07-09,1,2.29717436,25.8
2023-07-10,0,2.53207533,24.0
2023-07-11,0,2.53207533,22.7
2023-07-12,1,2.53207533,23.4
2023-07-13,0,2.53207533,24.2
2023-07-14,0,2.53207533,23.8
2023-07-15,0,2.53207533,22.4
2023-07-16,0,2.53207533,22.1
2023-07-17,2,5.47368619,22.4
2023-07-18,1,5.47368619,23.0
2023-07-19,0,5.47368619,22.5
2023-07-20,0,5.47368619,22.4
2023-07-21,0,5.47368619,22.4
2023-07-22,1,5.47368619,22.0
2023-07-23,2,5.47368619,23.7
2023-07-24,1,5.4456814,22.0
2023-07-25,1,5.4456814,22.5
2023-07-26,3,5.4456814,22.1
2023-07-27,1,5.4456814,20.8
2023-07-28,2,5.4456814,25.9
2023-07-29,1,5.4456814,23.1
2023-07-30,0,5.4456814,19.2
2023-07-31,6,6.99707221,21.6
2023-08-01,2,6.99707221,23.0
2023-08-02,9,6.99707221,20.3
2023-08-03,0,6.99707221,22.8
2023-08-04,4,6.99707221,23.0
2023-08-05,1,6.99707221,19.5
2023-08-06,6,6.99707221,25.7
2023-08-07,4,4.64234923,21.7
2023-08-08,3,4.64234923,16.7
2023-08-09,1,4.64234923,15.8
2023-08-10,0,4.64234923,19.3
2023-08-11,5,4.64234923,20.0
2023-08-12,0,4.64234923,21.2
2023-08-13,1,4.64234923,24.3
2023-08-14,2,6.20078831,25.0
2023-08-15,2,6.20078831,22.8
2023-08-16,1,6.20078831,23.0
2023-08-17,3,6.20078831,22.4
2023-08-18,10,6.20078831,23.0
2023-08-19,0,6.20078831,19.0
2023-08-20,3,6.20078831,21.9
2023-08-21,3,4.63596968,19.9
2023-08-22,5,4.63596968,22.0
2023-08-23,1,4.63596968,21.1
2023-08-24,1,4.63596968,18.1
2023-08-25,3,4.63596968,20.5
2023-08-26,2,4.63596968,20.1
2023-08-27,1,4.63596968,17.0
2023-08-28,4,10.8812086,20.2
2023-08-29,2,10.8812086,20.2
2023-08-30,3,10.8812086,20.7
2023-08-31,2,10.8812086,15.4
2023-09-01,7,10.8812086,15.2
2023-09-02,2,10.8812086,17.8
2023-09-03,2,10.8812086,23.2
2023-09-04,8,9.530676559,24.6
2023-09-05,3,9.530676559,19.0
2023-09-06,8,9.530676559,21.2
2023-09-07,6,9.530676559,22.5
2023-09-08,3,9.530676559,23.8
2023-09-09,6,9.530676559,24.1
2023-09-10,4,9.530676559,18.5
2023-09-11,9,4.737408364,21.4
2023-09-12,4,4.737408364,18.8
2023-09-13,4,4.737408364,16.5
2023-09-14,3,4.737408364,18.0
2023-09-15,6,4.737408364,19.5
2023-09-16,4,4.737408364,16.4
2023-09-17,1,4.737408364,17.3
2023-09-18,12,4.085071477,20.3
2023-09-19,3,4.085071477,17.6
2023-09-20,7,4.085071477,22.6
2023-09-21,3,4.085071477,21.8
2023-09-22,10,4.085071477,18.1
2023-09-23,1,4.085071477,17.0
2023-09-24,2,4.085071477,16.3
2023-09-25,3,3.10355401,18.1
2023-09-26,2,3.10355401,19.4
2023-09-27,5,3.10355401,21.2
2023-09-28,3,3.10355401,18.0
2023-09-29,2,3.10355401,17.0
2023-09-30,1,3.10355401,16.7
2023-10-01,0,3.10355401,16.1
2023-10-02,0,2.349900444,13.6
2023-10-03,6,2.349900444,14.8
2023-10-04,3,2.349900444,10.4
2023-10-05,5,2.349900444,12.0
2023-10-06,2,2.349900444,12.9
2023-10-07,1,2.349900444,9.7
2023-10-08,5,2.349900444,10.3
2023-10-09,4,2.993517429,11.0
2023-10-10,2,2.993517429,17.1
2023-10-11,13,2.993517429,13.4
2023-10-12,1,2.993517429,11.0
2023-10-13,9,2.993517429,12.0
2023-10-14,1,2.993517429,10.0
2023-10-15,3,2.993517429,8.8
2023-10-16,4,4.089026275,10.8
2023-10-17,4,4.089026275,8.1
2023-10-18,4,4.089026275,4.2
2023-10-19,4,4.089026275,5.3
2023-10-20,11,4.089026275,5.3
2023-10-21,2,4.089026275,7.5
2023-10-22,3,4.089026275,7.0
2023-10-23,15,7.57932592,7.0
2023-10-24,15,7.57932592,3.7
2023-10-25,17,7.57932592,4.0
2023-10-26,11,7.57932592,4.1
2023-10-27,8,7.57932592,2.9
2023-10-28,4,7.57932592,3.4
2023-10-29,7,7.57932592,3.5
2023-10-30,17,12.25909412,4.8
2023-10-31,10,12.25909412,3.1
2023-11-01,17,12.25909412,2.4
2023-11-02,11,12.25909412,8.4
2023-11-03,13,12.25909412,9.2
2023-11-04,10,12.25909412,8.3
2023-11-05,13,12.25909412,7.7
2023-11-06,19,17.92697069,6.2
2023-11-07,31,17.92697069,5.4
2023-11-08,27,17.92697069,6.8
2023-11-09,15,17.92697069,8.6
2023-11-10,21,17.92697069,7.6
2023-11-11,8,17.92697069,6.0
2023-11-12,16,17.92697069,2.3
2023-11-13,23,9.492485009,1.7
2023-11-14,26,9.492485009,0.6
2023-11-15,21,9.492485009,-0.7
2023-11-16,30,9.492485009,0.1
2023-11-17,14,9.492485009,-0.5
2023-11-18,6,9.492485009,-4.3
2023-11-19,10,9.492485009,0.5
2023-11-20,24,10.47503479,0.6
2023-11-21,23,10.47503479,1.1
2023-11-22,23,10.47503479,4.5
2023-11-23,22,10.47503479,0.9
2023-11-24,11,10.47503479,-0.9
2023-11-25,6,10.47503479,-3.2
2023-11-26,12,10.47503479,-2.7
2023-11-27,22,10.09824575,-3.3
2023-11-28,8,10.09824575,-0.5
2023-11-29,10,10.09824575,-1.0
2023-11-30,10,10.09824575,-0.6
2023-12-01,12,10.09824575,-4.1
2023-12-02,0,10.09824575,-5.9
2023-12-03,0,10.09824575,-8.2
2023-12-04,31,10.53216333,-11.8
2023-12-05,11,10.53216333,-12.7
2023-12-06,17,10.53216333,-0.8
2023-12-07,16,10.53216333,0.4
2023-12-08,24,10.53216333,0.1
2023-12-09,10,10.53216333,-0.5
2023-12-10,13,10.53216333,0.6
2023-12-11,18,8.811652949,-0.8
2023-12-12,13,8.811652949,-2.3
2023-12-13,21,8.811652949,-4.3
2023-12-14,20,8.811652949,-1.8
2023-12-15,24,8.811652949,5.2
2023-12-16,3,8.811652949,6.1
2023-12-17,10,8.811652949,5.1
2023-12-18,16,19.75569703,7.0
2023-12-19,17,19.75569703,1.1
2023-12-20,11,19.75569703,0.3
2023-12-21,6,19.75569703,1.3
2023-12-22,12,19.75569703,0.1
2023-12-23,11,19.75569703,-4.3
2023-12-24,6,19.75569703,0.1
2023-12-25,5,13.61229769,-0.8
2023-12-26,9,13.61229769,-2.2
2023-12-27,10,13.61229769,1.0
2023-12-28,18,13.61229769,0.7
2023-12-29,15,13.61229769,0.1
2023-12-30,5,13.61229769,-0.8
2023-12-31,8,13.61229769,-4.3
2024-01-01,6,11.73993574,-5.8
2024-01-02,4,11.73993574,-6.8
2024-01-03,15,11.73993574,-8.2
2024-01-04,5,11.73993574,-8.4
2024-01-05,6,11.73993574,-11.1
2024-01-06,2,11.73993574,-14.0
2024-01-07,0,11.73993574,-7.1
2024-01-08,0,4.350504955,1.8
2024-01-09,13,4.350504955,2.0
2024-01-10,3,4.350504955,4.6
2024-01-11,4,4.350504955,5.1
2024-01-12,1,4.350504955,0.6
2024-01-13,3,4.350504955,-0.6
2024-01-14,5,4.350504955,-3.6
2024-01-15,2,3.931658,-9.4
2024-01-16,5,3.931658,0.5
2024-01-17,2,3.931658,-1.1
2024-01-18,8,3.931658,-6.8
2024-01-19,3,3.931658,-13.0
2024-01-20,1,3.931658,1.8
2024-01-21,3,3.931658,5.9
2024-01-22,5,2.402310869,5.8
2024-01-23,4,2.402310869,5.1
2024-01-24,3,2.402310869,0.8
2024-01-25,0,2.402310869,0.6
2024-01-26,2,2.402310869,1.5
2024-01-27,0,2.402310869,4.9
2024-01-28,1,2.402310869,5.0
2024-01-29,5,3.732185738,3.4
2024-01-30,2,3.732185738,4.3
2024-01-31,0,3.732185738,4.3
2024-02-01,6,3.732185738,2.6
2024-02-02,3,3.732185738,7.3
2024-02-03,0,3.732185738,4.5
2024-02-04,0,3.732185738,-0.4
2024-02-05,5,3.656100734,-2.4
2024-02-06,2,3.656100734,-3.4
2024-02-07,3,3.656100734,-3.8
2024-02-08,3,3.656100734,-3.8
2024-02-09,1,3.656100734,-4.7
2024-02-10,5,3.656100734,-3.5
2024-02-11,3,3.656100734,-4.4
2024-02-12,2,1.656990523,0.3
2024-02-13,1,1.656990523,0.5
2024-02-14,1,1.656990523,1.6
2024-02-15,1,1.656990523,5.7
2024-02-16,1,1.656990523,5.6
2024-02-17,2,1.656990523,2.3
2024-02-18,1,1.656990523,0.9
2024-02-19,1,1.156702478,1.0
2024-02-20,2,1.156702478,3.1
2024-02-21,1,1.156702478,4.4
2024-02-22,2,1.156702478,7.6
2024-02-23,1,1.156702478,5.2
2024-02-24,1,1.156702478,6.2
2024-02-25,0,1.156702478,3.9
2024-02-26,2,1.184736321,2.5
2024-02-27,0,1.184736321,3.4
2024-02-28,1,1.184736321,5.9
2024-02-29,0,1.184736321,4.1
2024-03-01,3,1.184736321,5.8
2024-03-02,0,1.184736321,4.8
2024-03-03,3,1.184736321,5.3
2024-03-04,1,0.248706045,3.3
2024-03-05,1,0.248706045,4.5
2024-03-06,0,0.248706045,9.2
2024-03-07,2,0.248706045,4.0
2024-03-08,2,0.248706045,0.3
2024-03-09,0,0.248706045,1.5
2024-03-10,2,0.248706045,6.5
2024-03-11,0,0.838869262,3.8
2024-03-12,0,0.838869262,3.5
2024-03-13,2,0.838869262,11.0
2024-03-14,3,0.838869262,11.3
2024-03-15,1,0.838869262,9.7
2024-03-16,0,0.838869262,0.2
2024-03-17,3,0.838869262,2.3
2024-03-18,0,0.806221924,4.8
2024-03-19,1,0.806221924,2.5
2024-03-20,3,0.806221924,8.4
2024-03-21,0,0.806221924,7.7
2024-03-22,0,0.806221924,8.9
2024-03-23,0,0.806221924,4.6
2024-03-24,0,0.806221924,3.3
2024-03-25,3,1.027518428,3.4
2024-03-26,0,1.027518428,11.0
2024-03-27,0,1.027518428,13.7
2024-03-28,1,1.027518428,10.9
2024-03-29,0,1.027518428,13.6
2024-03-30,0,1.027518428,10.6
2024-03-31,2,1.027518428,6.8
2024-04-01,0,1.482867588,3.0
2024-04-02,1,1.482867588,-0.6
2024-04-03,0,1.482867588,2.9
2024-04-04,0,1.482867588,1.7
2024-04-05,0,1.482867588,3.4
2024-04-06,0,1.482867588,14.8
2024-04-07,0,1.482867588,18.7
2024-04-08,1,0.536191611,19.2
2024-04-09,0,0.536191611,14.7
2024-04-10,0,0.536191611,11.3
2024-04-11,0,0.536191611,14.2
2024-04-12,0,0.536191611,15.0
2024-04-13,0,0.536191611,12.2
2024-04-14,1,0.536191611,10.8
2024-04-15,0,1.059686027,6.7
2024-04-16,2,1.059686027,7.9
2024-04-17,0,1.059686027,4.8
2024-04-18,0,1.059686027,3.3
2024-04-19,0,1.059686027,4.3
2024-04-20,0,1.059686027,1.9
2024-04-21,0,1.059686027,2.1
2024-04-22,2,1.532523223,9.3
2024-04-23,1,1.532523223,10.8
2024-04-24,0,1.532523223,5.6
2024-04-25,0,1.532523223,4.5
2024-04-26,0,1.532523223,4.0
2024-04-27,1,1.532523223,9.1
2024-04-28,0,1.532523223,16.8
2024-04-29,0,2.505062438,19.3
2024-04-30,0,2.505062438,19.5
2024-05-01,0,2.505062438,18.5
2024-05-02,1,2.505062438,20.6
2024-05-03,0,2.505062438,24.9
2024-05-04,0,2.505062438,17.2
2024-05-05,2,2.505062438,12.1
2024-05-06,0,3.028333676,13.8
2024-05-07,1,3.028333676,9.1
2024-05-08,0,3.028333676,10.4
2024-05-09,0,3.028333676,15.0
2024-05-10,1,3.028333676,17.9
2024-05-11,1,3.028333676,22.9
2024-05-12,0,3.028333676,25.2
2024-05-13,0,2.839983301,24.7
2024-05-14,1,2.839983301,23.9
2024-05-15,0,2.839983301,24.4
2024-05-16,0,2.839983301,23.9
2024-05-17,0,2.839983301,24.3
2024-05-18,0,2.839983301,26.5
2024-05-19,0,2.839983301,18.1
2024-05-20,4,4.678261528,22.6
2024-05-21,0,4.678261528,23.1
2024-05-22,0,4.678261528,25.2
2024-05-23,0,4.678261528,24.2
2024-05-24,0,4.678261528,27.8
2024-05-25,1,4.678261528,26.7
2024-05-26,0,4.678261528,27.3
2024-05-27,1,0.428083354,27.3
2024-05-28,1,0.428083354,25.0
2024-05-29,1,0.428083354,25.8
2024-05-30,3,0.428083354,27.4
2024-05-31,0,0.428083354,26.5
2024-06-01,0,0.428083354,23.6
2024-06-02,0,0.428083354,27.9
2024-06-03,4,1.469995648,25.2
2024-06-04,0,1.469995648,22.5
2024-06-05,0,1.469995648,18.4
2024-06-06,0,1.469995648,19.9
2024-06-07,2,1.469995648,19.2
2024-06-08,1,1.469995648,15.9
2024-06-09,0,1.469995648,14.3
2024-06-10,1,2.28648245,18.9
2024-06-11,1,2.28648245,19.6
2024-06-12,0,2.28648245,16.8
2024-06-13,0,2.28648245,19.2
2024-06-14,0,2.28648245,20.8
2024-06-15,0,2.28648245,22.5
2024-06-16,0,2.28648245,24.1
2024-06-17,0,1.928448499,23.6
2024-06-18,2,1.928448499,21.7
2024-06-19,0,1.928448499,24.5
2024-06-20,1,1.928448499,24.3
2024-06-21,0,1.928448499,22.7
2024-06-22,1,1.928448499,22.4
2024-06-23,4,1.928448499,26.4
2024-06-24,2,3.068844559,29.2
2024-06-25,1,3.068844559,30.3
2024-06-26,1,3.068844559,30.5
2024-06-27,1,3.068844559,32.0
2024-06-28,3,3.068844559,22.6
2024-06-29,3,3.068844559,19.5
2024-06-30,0,3.068844559,23.9
2024-07-01,0,4.81779753,22.7
2024-07-02,2,4.81779753,19.5
2024-07-03,0,4.81779753,20.8
2024-07-04,1,4.81779753,18.9
2024-07-05,2,4.81779753,19.2
2024-07-06,0,4.81779753,20.0
2024-07-07,6,4.81779753,21.7
2024-07-08,5,6.382178703,23.7
2024-07-09,1,6.382178703,23.1
2024-07-10,1,6.382178703,24.3
2024-07-11,3,6.382178703,27.0
2024-07-12,3,6.382178703,24.5
2024-07-13,1,6.382178703,21.4
2024-07-14,0,6.382178703,24.0
2024-07-15,0,4.086118487,25.3
2024-07-16,2,4.086118487,22.0
2024-07-17,2,4.086118487,24.0
2024-07-18,6,4.086118487,25.7
2024-07-19,1,4.086118487,24.8
2024-07-20,1,4.086118487,25.3
2024-07-21,5,4.086118487,25.8
2024-07-22,3,6.789271904,25.8
2024-07-23,7,6.789271904,26.3
2024-07-24,6,6.789271904,24.6
2024-07-25,3,6.789271904,25.6
2024-07-26,0,6.789271904,22.1
2024-07-27,5,6.789271904,23.5
2024-07-28,5,6.789271904,23.0
2024-07-29,2,6.462635808,26.1
2024-07-30,1,6.462635808,23.9
2024-07-31,2,6.462635808,23.2
2024-08-01,2,6.462635808,22.5
2024-08-02,5,6.462635808,23.5
2024-08-03,7,6.462635808,24.2
2024-08-04,8,6.462635808,24.7
2024-08-05,5,16.37412046,25.8
2024-08-06,11,16.37412046,26.8
2024-08-07,16,16.37412046,24.9
2024-08-08,7,16.37412046,23.8
2024-08-09,18,16.37412046,22.6
2024-08-10,4,16.37412046,23.6
2024-08-11,3,16.37412046,21.9
2024-08-12,9,18.84993266,26.0
2024-08-13,19,18.84993266,25.7
2024-08-14,3,18.84993266,25.5
2024-08-15,11,18.84993266,24.0
2024-08-16,13,18.84993266,22.3
2024-08-17,7,18.84993266,21.6
2024-08-18,5,18.84993266,24.1
2024-08-19,8,15.03478417,23.4
2024-08-20,15,15.03478417,22.0
2024-08-21,14,15.03478417,21.6
2024-08-22,10,15.03478417,20.1
2024-08-23,6,15.03478417,22.0
2024-08-24,5,15.03478417,21.5
2024-08-25,5,15.03478417,21.0
2024-08-26,6,13.43244666,21.9
2024-08-27,9,13.43244666,25.2
2024-08-28,14,13.43244666,25.9
2024-08-29,6,13.43244666,21.2
2024-08-30,7,13.43244666,20.1
2024-08-31,4,13.43244666,18.4
2024-09-01,2,13.43244666,18.0
2024-09-02,13,6.179065201,21.1
2024-09-03,7,6.179065201,26.2
2024-09-04,6,6.179065201,28.7
2024-09-05,12,6.179065201,27.3
2024-09-06,3,6.179065201,25.4
2024-09-07,0,6.179065201,27.9
2024-09-08,0,6.179065201,24.2
2024-09-09,18,10.54816216,21.1
2024-09-10,6,10.54816216,15.9
2024-09-11,9,10.54816216,15.8
2024-09-12,5,10.54816216,18.6
2024-09-13,3,10.54816216,17.9
2024-09-14,4,10.54816216,18.2
2024-09-15,4,10.54816216,16.9
2024-09-16,6,9.67625116,19.7
2024-09-17,7,9.67625116,19.0
2024-09-18,7,9.67625116,21.5
2024-09-19,10,9.67625116,22.3
2024-09-20,4,9.67625116,16.4
2024-09-21,1,9.67625116,14.7
2024-09-22,2,9.67625116,18.4
2024-09-23,7,6.587641424,19.5
2024-09-24,3,6.587641424,17.5
2024-09-25,4,6.587641424,16.5
2024-09-26,3,6.587641424,12.9
2024-09-27,7,6.587641424,11.2
2024-09-28,3,6.587641424,11.4
2024-09-29,1,6.587641424,13.0
