"week","x","year","week_num","week_start","date"
"2020-38",0.03234712,2020,38,2020-09-14,2020-09-14
"2020-38",0.03234712,2020,38,2020-09-14,2020-09-15
"2020-38",0.03234712,2020,38,2020-09-14,2020-09-16
"2020-38",0.03234712,2020,38,2020-09-14,2020-09-17
"2020-38",0.03234712,2020,38,2020-09-14,2020-09-18
"2020-38",0.03234712,2020,38,2020-09-14,2020-09-19
"2020-38",0.03234712,2020,38,2020-09-14,2020-09-20
"2020-39",0.18021966,2020,39,2020-09-21,2020-09-21
"2020-39",0.18021966,2020,39,2020-09-21,2020-09-22
"2020-39",0.18021966,2020,39,2020-09-21,2020-09-23
"2020-39",0.18021966,2020,39,2020-09-21,2020-09-24
"2020-39",0.18021966,2020,39,2020-09-21,2020-09-25
"2020-39",0.18021966,2020,39,2020-09-21,2020-09-26
"2020-39",0.18021966,2020,39,2020-09-21,2020-09-27
"2020-40",0.86413015,2020,40,2020-09-28,2020-09-28
"2020-40",0.86413015,2020,40,2020-09-28,2020-09-29
"2020-40",0.86413015,2020,40,2020-09-28,2020-09-30
"2020-40",0.86413015,2020,40,2020-09-28,2020-10-01
"2020-40",0.86413015,2020,40,2020-09-28,2020-10-02
"2020-40",0.86413015,2020,40,2020-09-28,2020-10-03
"2020-40",0.86413015,2020,40,2020-09-28,2020-10-04
"2020-41",0.79019388,2020,41,2020-10-05,2020-10-05
"2020-41",0.79019388,2020,41,2020-10-05,2020-10-06
"2020-41",0.79019388,2020,41,2020-10-05,2020-10-07
"2020-41",0.79019388,2020,41,2020-10-05,2020-10-08
"2020-41",0.79019388,2020,41,2020-10-05,2020-10-09
"2020-41",0.79019388,2020,41,2020-10-05,2020-10-10
"2020-41",0.79019388,2020,41,2020-10-05,2020-10-11
"2020-42",1.86689079,2020,42,2020-10-12,2020-10-12
"2020-42",1.86689079,2020,42,2020-10-12,2020-10-13
"2020-42",1.86689079,2020,42,2020-10-12,2020-10-14
"2020-42",1.86689079,2020,42,2020-10-12,2020-10-15
"2020-42",1.86689079,2020,42,2020-10-12,2020-10-16
"2020-42",1.86689079,2020,42,2020-10-12,2020-10-17
"2020-42",1.86689079,2020,42,2020-10-12,2020-10-18
"2020-43",3.75226565,2020,43,2020-10-19,2020-10-19
"2020-43",3.75226565,2020,43,2020-10-19,2020-10-20
"2020-43",3.75226565,2020,43,2020-10-19,2020-10-21
"2020-43",3.75226565,2020,43,2020-10-19,2020-10-22
"2020-43",3.75226565,2020,43,2020-10-19,2020-10-23
"2020-43",3.75226565,2020,43,2020-10-19,2020-10-24
"2020-43",3.75226565,2020,43,2020-10-19,2020-10-25
"2020-44",2.20884604,2020,44,2020-10-26,2020-10-26
"2020-44",2.20884604,2020,44,2020-10-26,2020-10-27
"2020-44",2.20884604,2020,44,2020-10-26,2020-10-28
"2020-44",2.20884604,2020,44,2020-10-26,2020-10-29
"2020-44",2.20884604,2020,44,2020-10-26,2020-10-30
"2020-44",2.20884604,2020,44,2020-10-26,2020-10-31
"2020-44",2.20884604,2020,44,2020-10-26,2020-11-01
"2020-45",6.0720161,2020,45,2020-11-02,2020-11-02
"2020-45",6.0720161,2020,45,2020-11-02,2020-11-03
"2020-45",6.0720161,2020,45,2020-11-02,2020-11-04
"2020-45",6.0720161,2020,45,2020-11-02,2020-11-05
"2020-45",6.0720161,2020,45,2020-11-02,2020-11-06
"2020-45",6.0720161,2020,45,2020-11-02,2020-11-07
"2020-45",6.0720161,2020,45,2020-11-02,2020-11-08
"2020-46",11.3122491,2020,46,2020-11-09,2020-11-09
"2020-46",11.3122491,2020,46,2020-11-09,2020-11-10
"2020-46",11.3122491,2020,46,2020-11-09,2020-11-11
"2020-46",11.3122491,2020,46,2020-11-09,2020-11-12
"2020-46",11.3122491,2020,46,2020-11-09,2020-11-13
"2020-46",11.3122491,2020,46,2020-11-09,2020-11-14
"2020-46",11.3122491,2020,46,2020-11-09,2020-11-15
"2020-47",5.6330195,2020,47,2020-11-16,2020-11-16
"2020-47",5.6330195,2020,47,2020-11-16,2020-11-17
"2020-47",5.6330195,2020,47,2020-11-16,2020-11-18
"2020-47",5.6330195,2020,47,2020-11-16,2020-11-19
"2020-47",5.6330195,2020,47,2020-11-16,2020-11-20
"2020-47",5.6330195,2020,47,2020-11-16,2020-11-21
"2020-47",5.6330195,2020,47,2020-11-16,2020-11-22
"2020-48",2.54618027,2020,48,2020-11-23,2020-11-23
"2020-48",2.54618027,2020,48,2020-11-23,2020-11-24
"2020-48",2.54618027,2020,48,2020-11-23,2020-11-25
"2020-48",2.54618027,2020,48,2020-11-23,2020-11-26
"2020-48",2.54618027,2020,48,2020-11-23,2020-11-27
"2020-48",2.54618027,2020,48,2020-11-23,2020-11-28
"2020-48",2.54618027,2020,48,2020-11-23,2020-11-29
"2020-49",2.21346706,2020,49,2020-11-30,2020-11-30
"2020-49",2.21346706,2020,49,2020-11-30,2020-12-01
"2020-49",2.21346706,2020,49,2020-11-30,2020-12-02
"2020-49",2.21346706,2020,49,2020-11-30,2020-12-03
"2020-49",2.21346706,2020,49,2020-11-30,2020-12-04
"2020-49",2.21346706,2020,49,2020-11-30,2020-12-05
"2020-49",2.21346706,2020,49,2020-11-30,2020-12-06
"2020-51",0.89185625,2020,51,2020-12-14,2020-12-14
"2020-51",0.89185625,2020,51,2020-12-14,2020-12-15
"2020-51",0.89185625,2020,51,2020-12-14,2020-12-16
"2020-51",0.89185625,2020,51,2020-12-14,2020-12-17
"2020-51",0.89185625,2020,51,2020-12-14,2020-12-18
"2020-51",0.89185625,2020,51,2020-12-14,2020-12-19
"2020-51",0.89185625,2020,51,2020-12-14,2020-12-20
"2021-01",2.42141281,2021,1,2021-01-04,2021-01-04
"2021-01",2.42141281,2021,1,2021-01-04,2021-01-05
"2021-01",2.42141281,2021,1,2021-01-04,2021-01-06
"2021-01",2.42141281,2021,1,2021-01-04,2021-01-07
"2021-01",2.42141281,2021,1,2021-01-04,2021-01-08
"2021-01",2.42141281,2021,1,2021-01-04,2021-01-09
"2021-01",2.42141281,2021,1,2021-01-04,2021-01-10
"2021-02",2.90661958,2021,2,2021-01-11,2021-01-11
"2021-02",2.90661958,2021,2,2021-01-11,2021-01-12
"2021-02",2.90661958,2021,2,2021-01-11,2021-01-13
"2021-02",2.90661958,2021,2,2021-01-11,2021-01-14
"2021-02",2.90661958,2021,2,2021-01-11,2021-01-15
"2021-02",2.90661958,2021,2,2021-01-11,2021-01-16
"2021-02",2.90661958,2021,2,2021-01-11,2021-01-17
"2021-03",0.85950913,2021,3,2021-01-18,2021-01-18
"2021-03",0.85950913,2021,3,2021-01-18,2021-01-19
"2021-03",0.85950913,2021,3,2021-01-18,2021-01-20
"2021-03",0.85950913,2021,3,2021-01-18,2021-01-21
"2021-03",0.85950913,2021,3,2021-01-18,2021-01-22
"2021-03",0.85950913,2021,3,2021-01-18,2021-01-23
"2021-03",0.85950913,2021,3,2021-01-18,2021-01-24
"2021-04",1.81605961,2021,4,2021-01-25,2021-01-25
"2021-04",1.81605961,2021,4,2021-01-25,2021-01-26
"2021-04",1.81605961,2021,4,2021-01-25,2021-01-27
"2021-04",1.81605961,2021,4,2021-01-25,2021-01-28
"2021-04",1.81605961,2021,4,2021-01-25,2021-01-29
"2021-04",1.81605961,2021,4,2021-01-25,2021-01-30
"2021-04",1.81605961,2021,4,2021-01-25,2021-01-31
"2021-05",0.73474168,2021,5,2021-02-01,2021-02-01
"2021-05",0.73474168,2021,5,2021-02-01,2021-02-02
"2021-05",0.73474168,2021,5,2021-02-01,2021-02-03
"2021-05",0.73474168,2021,5,2021-02-01,2021-02-04
"2021-05",0.73474168,2021,5,2021-02-01,2021-02-05
"2021-05",0.73474168,2021,5,2021-02-01,2021-02-06
"2021-05",0.73474168,2021,5,2021-02-01,2021-02-07
"2021-06",1.35395793,2021,6,2021-02-08,2021-02-08
"2021-06",1.35395793,2021,6,2021-02-08,2021-02-09
"2021-06",1.35395793,2021,6,2021-02-08,2021-02-10
"2021-06",1.35395793,2021,6,2021-02-08,2021-02-11
"2021-06",1.35395793,2021,6,2021-02-08,2021-02-12
"2021-06",1.35395793,2021,6,2021-02-08,2021-02-13
"2021-06",1.35395793,2021,6,2021-02-08,2021-02-14
"2021-07",4.21436733,2021,7,2021-02-15,2021-02-15
"2021-07",4.21436733,2021,7,2021-02-15,2021-02-16
"2021-07",4.21436733,2021,7,2021-02-15,2021-02-17
"2021-07",4.21436733,2021,7,2021-02-15,2021-02-18
"2021-07",4.21436733,2021,7,2021-02-15,2021-02-19
"2021-07",4.21436733,2021,7,2021-02-15,2021-02-20
"2021-07",4.21436733,2021,7,2021-02-15,2021-02-21
"2021-08",2.29202434,2021,8,2021-02-22,2021-02-22
"2021-08",2.29202434,2021,8,2021-02-22,2021-02-23
"2021-08",2.29202434,2021,8,2021-02-22,2021-02-24
"2021-08",2.29202434,2021,8,2021-02-22,2021-02-25
"2021-08",2.29202434,2021,8,2021-02-22,2021-02-26
"2021-08",2.29202434,2021,8,2021-02-22,2021-02-27
"2021-08",2.29202434,2021,8,2021-02-22,2021-02-28
"2021-09",12.3843251,2021,9,2021-03-01,2021-03-01
"2021-09",12.3843251,2021,9,2021-03-01,2021-03-02
"2021-09",12.3843251,2021,9,2021-03-01,2021-03-03
"2021-09",12.3843251,2021,9,2021-03-01,2021-03-04
"2021-09",12.3843251,2021,9,2021-03-01,2021-03-05
"2021-09",12.3843251,2021,9,2021-03-01,2021-03-06
"2021-09",12.3843251,2021,9,2021-03-01,2021-03-07
"2021-10",5.89179644,2021,10,2021-03-08,2021-03-08
"2021-10",5.89179644,2021,10,2021-03-08,2021-03-09
"2021-10",5.89179644,2021,10,2021-03-08,2021-03-10
"2021-10",5.89179644,2021,10,2021-03-08,2021-03-11
"2021-10",5.89179644,2021,10,2021-03-08,2021-03-12
"2021-10",5.89179644,2021,10,2021-03-08,2021-03-13
"2021-10",5.89179644,2021,10,2021-03-08,2021-03-14
"2021-11",5.25871714,2021,11,2021-03-15,2021-03-15
"2021-11",5.25871714,2021,11,2021-03-15,2021-03-16
"2021-11",5.25871714,2021,11,2021-03-15,2021-03-17
"2021-11",5.25871714,2021,11,2021-03-15,2021-03-18
"2021-11",5.25871714,2021,11,2021-03-15,2021-03-19
"2021-11",5.25871714,2021,11,2021-03-15,2021-03-20
"2021-11",5.25871714,2021,11,2021-03-15,2021-03-21
"2021-12",3.91862226,2021,12,2021-03-22,2021-03-22
"2021-12",3.91862226,2021,12,2021-03-22,2021-03-23
"2021-12",3.91862226,2021,12,2021-03-22,2021-03-24
"2021-12",3.91862226,2021,12,2021-03-22,2021-03-25
"2021-12",3.91862226,2021,12,2021-03-22,2021-03-26
"2021-12",3.91862226,2021,12,2021-03-22,2021-03-27
"2021-12",3.91862226,2021,12,2021-03-22,2021-03-28
"2021-13",11.8621502,2021,13,2021-03-29,2021-03-29
"2021-13",11.8621502,2021,13,2021-03-29,2021-03-30
"2021-13",11.8621502,2021,13,2021-03-29,2021-03-31
"2021-13",11.8621502,2021,13,2021-03-29,2021-04-01
"2021-13",11.8621502,2021,13,2021-03-29,2021-04-02
"2021-13",11.8621502,2021,13,2021-03-29,2021-04-03
"2021-13",11.8621502,2021,13,2021-03-29,2021-04-04
"2021-14",10.2540363,2021,14,2021-04-05,2021-04-05
"2021-14",10.2540363,2021,14,2021-04-05,2021-04-06
"2021-14",10.2540363,2021,14,2021-04-05,2021-04-07
"2021-14",10.2540363,2021,14,2021-04-05,2021-04-08
"2021-14",10.2540363,2021,14,2021-04-05,2021-04-09
"2021-14",10.2540363,2021,14,2021-04-05,2021-04-10
"2021-14",10.2540363,2021,14,2021-04-05,2021-04-11
"2021-15",2.67094772,2021,15,2021-04-12,2021-04-12
"2021-15",2.67094772,2021,15,2021-04-12,2021-04-13
"2021-15",2.67094772,2021,15,2021-04-12,2021-04-14
"2021-15",2.67094772,2021,15,2021-04-12,2021-04-15
"2021-15",2.67094772,2021,15,2021-04-12,2021-04-16
"2021-15",2.67094772,2021,15,2021-04-12,2021-04-17
"2021-15",2.67094772,2021,15,2021-04-12,2021-04-18
"2021-16",8.87697331,2021,16,2021-04-19,2021-04-19
"2021-16",8.87697331,2021,16,2021-04-19,2021-04-20
"2021-16",8.87697331,2021,16,2021-04-19,2021-04-21
"2021-16",8.87697331,2021,16,2021-04-19,2021-04-22
"2021-16",8.87697331,2021,16,2021-04-19,2021-04-23
"2021-16",8.87697331,2021,16,2021-04-19,2021-04-24
"2021-16",8.87697331,2021,16,2021-04-19,2021-04-25
"2021-17",1.88075384,2021,17,2021-04-26,2021-04-26
"2021-17",1.88075384,2021,17,2021-04-26,2021-04-27
"2021-17",1.88075384,2021,17,2021-04-26,2021-04-28
"2021-17",1.88075384,2021,17,2021-04-26,2021-04-29
"2021-17",1.88075384,2021,17,2021-04-26,2021-04-30
"2021-17",1.88075384,2021,17,2021-04-26,2021-05-01
"2021-17",1.88075384,2021,17,2021-04-26,2021-05-02
"2021-18",1.1829803,2021,18,2021-05-03,2021-05-03
"2021-18",1.1829803,2021,18,2021-05-03,2021-05-04
"2021-18",1.1829803,2021,18,2021-05-03,2021-05-05
"2021-18",1.1829803,2021,18,2021-05-03,2021-05-06
"2021-18",1.1829803,2021,18,2021-05-03,2021-05-07
"2021-18",1.1829803,2021,18,2021-05-03,2021-05-08
"2021-18",1.1829803,2021,18,2021-05-03,2021-05-09
"2021-19",3.0498711,2021,19,2021-05-10,2021-05-10
"2021-19",3.0498711,2021,19,2021-05-10,2021-05-11
"2021-19",3.0498711,2021,19,2021-05-10,2021-05-12
"2021-19",3.0498711,2021,19,2021-05-10,2021-05-13
"2021-19",3.0498711,2021,19,2021-05-10,2021-05-14
"2021-19",3.0498711,2021,19,2021-05-10,2021-05-15
"2021-19",3.0498711,2021,19,2021-05-10,2021-05-16
"2021-20",0.21718779,2021,20,2021-05-17,2021-05-17
"2021-20",0.21718779,2021,20,2021-05-17,2021-05-18
"2021-20",0.21718779,2021,20,2021-05-17,2021-05-19
"2021-20",0.21718779,2021,20,2021-05-17,2021-05-20
"2021-20",0.21718779,2021,20,2021-05-17,2021-05-21
"2021-20",0.21718779,2021,20,2021-05-17,2021-05-22
"2021-20",0.21718779,2021,20,2021-05-17,2021-05-23
"2021-21",0.63770032,2021,21,2021-05-24,2021-05-24
"2021-21",0.63770032,2021,21,2021-05-24,2021-05-25
"2021-21",0.63770032,2021,21,2021-05-24,2021-05-26
"2021-21",0.63770032,2021,21,2021-05-24,2021-05-27
"2021-21",0.63770032,2021,21,2021-05-24,2021-05-28
"2021-21",0.63770032,2021,21,2021-05-24,2021-05-29
"2021-21",0.63770032,2021,21,2021-05-24,2021-05-30
"2021-22",0.73936269,2021,22,2021-05-31,2021-05-31
"2021-22",0.73936269,2021,22,2021-05-31,2021-06-01
"2021-22",0.73936269,2021,22,2021-05-31,2021-06-02
"2021-22",0.73936269,2021,22,2021-05-31,2021-06-03
"2021-22",0.73936269,2021,22,2021-05-31,2021-06-04
"2021-22",0.73936269,2021,22,2021-05-31,2021-06-05
"2021-22",0.73936269,2021,22,2021-05-31,2021-06-06
"2021-23",0.09704135,2021,23,2021-06-07,2021-06-07
"2021-23",0.09704135,2021,23,2021-06-07,2021-06-08
"2021-23",0.09704135,2021,23,2021-06-07,2021-06-09
"2021-23",0.09704135,2021,23,2021-06-07,2021-06-10
"2021-23",0.09704135,2021,23,2021-06-07,2021-06-11
"2021-23",0.09704135,2021,23,2021-06-07,2021-06-12
"2021-23",0.09704135,2021,23,2021-06-07,2021-06-13
"2021-24",0.27263999,2021,24,2021-06-14,2021-06-14
"2021-24",0.27263999,2021,24,2021-06-14,2021-06-15
"2021-24",0.27263999,2021,24,2021-06-14,2021-06-16
"2021-24",0.27263999,2021,24,2021-06-14,2021-06-17
"2021-24",0.27263999,2021,24,2021-06-14,2021-06-18
"2021-24",0.27263999,2021,24,2021-06-14,2021-06-19
"2021-24",0.27263999,2021,24,2021-06-14,2021-06-20
"2021-25",0.04126568,2021,25,2021-06-21,2021-06-21
"2021-25",0.04126568,2021,25,2021-06-21,2021-06-22
"2021-25",0.04126568,2021,25,2021-06-21,2021-06-23
"2021-25",0.04126568,2021,25,2021-06-21,2021-06-24
"2021-25",0.04126568,2021,25,2021-06-21,2021-06-25
"2021-25",0.04126568,2021,25,2021-06-21,2021-06-26
"2021-25",0.04126568,2021,25,2021-06-21,2021-06-27
"2021-26",0.07314811,2021,26,2021-06-28,2021-06-28
"2021-26",0.07314811,2021,26,2021-06-28,2021-06-29
"2021-26",0.07314811,2021,26,2021-06-28,2021-06-30
"2021-26",0.07314811,2021,26,2021-06-28,2021-07-01
"2021-26",0.07314811,2021,26,2021-06-28,2021-07-02
"2021-26",0.07314811,2021,26,2021-06-28,2021-07-03
"2021-26",0.07314811,2021,26,2021-06-28,2021-07-04
"2021-27",0.15067732,2021,27,2021-07-05,2021-07-05
"2021-27",0.15067732,2021,27,2021-07-05,2021-07-06
"2021-27",0.15067732,2021,27,2021-07-05,2021-07-07
"2021-27",0.15067732,2021,27,2021-07-05,2021-07-08
"2021-27",0.15067732,2021,27,2021-07-05,2021-07-09
"2021-27",0.15067732,2021,27,2021-07-05,2021-07-10
"2021-27",0.15067732,2021,27,2021-07-05,2021-07-11
"2021-28",0.22649263,2021,28,2021-07-12,2021-07-12
"2021-28",0.22649263,2021,28,2021-07-12,2021-07-13
"2021-28",0.22649263,2021,28,2021-07-12,2021-07-14
"2021-28",0.22649263,2021,28,2021-07-12,2021-07-15
"2021-28",0.22649263,2021,28,2021-07-12,2021-07-16
"2021-28",0.22649263,2021,28,2021-07-12,2021-07-17
"2021-28",0.22649263,2021,28,2021-07-12,2021-07-18
"2021-29",0.19332908,2021,29,2021-07-19,2021-07-19
"2021-29",0.19332908,2021,29,2021-07-19,2021-07-20
"2021-29",0.19332908,2021,29,2021-07-19,2021-07-21
"2021-29",0.19332908,2021,29,2021-07-19,2021-07-22
"2021-29",0.19332908,2021,29,2021-07-19,2021-07-23
"2021-29",0.19332908,2021,29,2021-07-19,2021-07-24
"2021-29",0.19332908,2021,29,2021-07-19,2021-07-25
"2021-30",0.0656681,2021,30,2021-07-26,2021-07-26
"2021-30",0.0656681,2021,30,2021-07-26,2021-07-27
"2021-30",0.0656681,2021,30,2021-07-26,2021-07-28
"2021-30",0.0656681,2021,30,2021-07-26,2021-07-29
"2021-30",0.0656681,2021,30,2021-07-26,2021-07-30
"2021-30",0.0656681,2021,30,2021-07-26,2021-07-31
"2021-30",0.0656681,2021,30,2021-07-26,2021-08-01
"2021-31",0.03893749,2021,31,2021-08-02,2021-08-02
"2021-31",0.03893749,2021,31,2021-08-02,2021-08-03
"2021-31",0.03893749,2021,31,2021-08-02,2021-08-04
"2021-31",0.03893749,2021,31,2021-08-02,2021-08-05
"2021-31",0.03893749,2021,31,2021-08-02,2021-08-06
"2021-31",0.03893749,2021,31,2021-08-02,2021-08-07
"2021-31",0.03893749,2021,31,2021-08-02,2021-08-08
"2021-32",0.04561759,2021,32,2021-08-09,2021-08-09
"2021-32",0.04561759,2021,32,2021-08-09,2021-08-10
"2021-32",0.04561759,2021,32,2021-08-09,2021-08-11
"2021-32",0.04561759,2021,32,2021-08-09,2021-08-12
"2021-32",0.04561759,2021,32,2021-08-09,2021-08-13
"2021-32",0.04561759,2021,32,2021-08-09,2021-08-14
"2021-32",0.04561759,2021,32,2021-08-09,2021-08-15
"2021-33",0.01334731,2021,33,2021-08-16,2021-08-16
"2021-33",0.01334731,2021,33,2021-08-16,2021-08-17
"2021-33",0.01334731,2021,33,2021-08-16,2021-08-18
"2021-33",0.01334731,2021,33,2021-08-16,2021-08-19
"2021-33",0.01334731,2021,33,2021-08-16,2021-08-20
"2021-33",0.01334731,2021,33,2021-08-16,2021-08-21
"2021-33",0.01334731,2021,33,2021-08-16,2021-08-22
"2021-34",0.14653637,2021,34,2021-08-23,2021-08-23
"2021-34",0.14653637,2021,34,2021-08-23,2021-08-24
"2021-34",0.14653637,2021,34,2021-08-23,2021-08-25
"2021-34",0.14653637,2021,34,2021-08-23,2021-08-26
"2021-34",0.14653637,2021,34,2021-08-23,2021-08-27
"2021-34",0.14653637,2021,34,2021-08-23,2021-08-28
"2021-34",0.14653637,2021,34,2021-08-23,2021-08-29
"2021-35",0.03907451,2021,35,2021-08-30,2021-08-30
"2021-35",0.03907451,2021,35,2021-08-30,2021-08-31
"2021-35",0.03907451,2021,35,2021-08-30,2021-09-01
"2021-35",0.03907451,2021,35,2021-08-30,2021-09-02
"2021-35",0.03907451,2021,35,2021-08-30,2021-09-03
"2021-35",0.03907451,2021,35,2021-08-30,2021-09-04
"2021-35",0.03907451,2021,35,2021-08-30,2021-09-05
"2021-36",0.16665666,2021,36,2021-09-06,2021-09-06
"2021-36",0.16665666,2021,36,2021-09-06,2021-09-07
"2021-36",0.16665666,2021,36,2021-09-06,2021-09-08
"2021-36",0.16665666,2021,36,2021-09-06,2021-09-09
"2021-36",0.16665666,2021,36,2021-09-06,2021-09-10
"2021-36",0.16665666,2021,36,2021-09-06,2021-09-11
"2021-36",0.16665666,2021,36,2021-09-06,2021-09-12
"2021-37",0.31951269,2021,37,2021-09-13,2021-09-13
"2021-37",0.31951269,2021,37,2021-09-13,2021-09-14
"2021-37",0.31951269,2021,37,2021-09-13,2021-09-15
"2021-37",0.31951269,2021,37,2021-09-13,2021-09-16
"2021-37",0.31951269,2021,37,2021-09-13,2021-09-17
"2021-37",0.31951269,2021,37,2021-09-13,2021-09-18
"2021-37",0.31951269,2021,37,2021-09-13,2021-09-19
"2021-38",0.02740163,2021,38,2021-09-20,2021-09-20
"2021-38",0.02740163,2021,38,2021-09-20,2021-09-21
"2021-38",0.02740163,2021,38,2021-09-20,2021-09-22
"2021-38",0.02740163,2021,38,2021-09-20,2021-09-23
"2021-38",0.02740163,2021,38,2021-09-20,2021-09-24
"2021-38",0.02740163,2021,38,2021-09-20,2021-09-25
"2021-38",0.02740163,2021,38,2021-09-20,2021-09-26
"2021-39",0.1089265,2021,39,2021-09-27,2021-09-27
"2021-39",0.1089265,2021,39,2021-09-27,2021-09-28
"2021-39",0.1089265,2021,39,2021-09-27,2021-09-29
"2021-39",0.1089265,2021,39,2021-09-27,2021-09-30
"2021-39",0.1089265,2021,39,2021-09-27,2021-10-01
"2021-39",0.1089265,2021,39,2021-09-27,2021-10-02
"2021-39",0.1089265,2021,39,2021-09-27,2021-10-03
"2021-40",0.1378019,2021,40,2021-10-04,2021-10-04
"2021-40",0.1378019,2021,40,2021-10-04,2021-10-05
"2021-40",0.1378019,2021,40,2021-10-04,2021-10-06
"2021-40",0.1378019,2021,40,2021-10-04,2021-10-07
"2021-40",0.1378019,2021,40,2021-10-04,2021-10-08
"2021-40",0.1378019,2021,40,2021-10-04,2021-10-09
"2021-40",0.1378019,2021,40,2021-10-04,2021-10-10
"2021-41",0.27802953,2021,41,2021-10-11,2021-10-11
"2021-41",0.27802953,2021,41,2021-10-11,2021-10-12
"2021-41",0.27802953,2021,41,2021-10-11,2021-10-13
"2021-41",0.27802953,2021,41,2021-10-11,2021-10-14
"2021-41",0.27802953,2021,41,2021-10-11,2021-10-15
"2021-41",0.27802953,2021,41,2021-10-11,2021-10-16
"2021-41",0.27802953,2021,41,2021-10-11,2021-10-17
"2021-42",0.15792245,2021,42,2021-10-18,2021-10-18
"2021-42",0.15792245,2021,42,2021-10-18,2021-10-19
"2021-42",0.15792245,2021,42,2021-10-18,2021-10-20
"2021-42",0.15792245,2021,42,2021-10-18,2021-10-21
"2021-42",0.15792245,2021,42,2021-10-18,2021-10-22
"2021-42",0.15792245,2021,42,2021-10-18,2021-10-23
"2021-42",0.15792245,2021,42,2021-10-18,2021-10-24
"2021-43",0.3108191,2021,43,2021-10-25,2021-10-25
"2021-43",0.3108191,2021,43,2021-10-25,2021-10-26
"2021-43",0.3108191,2021,43,2021-10-25,2021-10-27
"2021-43",0.3108191,2021,43,2021-10-25,2021-10-28
"2021-43",0.3108191,2021,43,2021-10-25,2021-10-29
"2021-43",0.3108191,2021,43,2021-10-25,2021-10-30
"2021-43",0.3108191,2021,43,2021-10-25,2021-10-31
"2021-44",0.66446496,2021,44,2021-11-01,2021-11-01
"2021-44",0.66446496,2021,44,2021-11-01,2021-11-02
"2021-44",0.66446496,2021,44,2021-11-01,2021-11-03
"2021-44",0.66446496,2021,44,2021-11-01,2021-11-04
"2021-44",0.66446496,2021,44,2021-11-01,2021-11-05
"2021-44",0.66446496,2021,44,2021-11-01,2021-11-06
"2021-44",0.66446496,2021,44,2021-11-01,2021-11-07
"2021-45",0.16330412,2021,45,2021-11-08,2021-11-08
"2021-45",0.16330412,2021,45,2021-11-08,2021-11-09
"2021-45",0.16330412,2021,45,2021-11-08,2021-11-10
"2021-45",0.16330412,2021,45,2021-11-08,2021-11-11
"2021-45",0.16330412,2021,45,2021-11-08,2021-11-12
"2021-45",0.16330412,2021,45,2021-11-08,2021-11-13
"2021-45",0.16330412,2021,45,2021-11-08,2021-11-14
"2021-46",0.24859586,2021,46,2021-11-15,2021-11-15
"2021-46",0.24859586,2021,46,2021-11-15,2021-11-16
"2021-46",0.24859586,2021,46,2021-11-15,2021-11-17
"2021-46",0.24859586,2021,46,2021-11-15,2021-11-18
"2021-46",0.24859586,2021,46,2021-11-15,2021-11-19
"2021-46",0.24859586,2021,46,2021-11-15,2021-11-20
"2021-46",0.24859586,2021,46,2021-11-15,2021-11-21
"2021-47",0.15807439,2021,47,2021-11-22,2021-11-22
"2021-47",0.15807439,2021,47,2021-11-22,2021-11-23
"2021-47",0.15807439,2021,47,2021-11-22,2021-11-24
"2021-47",0.15807439,2021,47,2021-11-22,2021-11-25
"2021-47",0.15807439,2021,47,2021-11-22,2021-11-26
"2021-47",0.15807439,2021,47,2021-11-22,2021-11-27
"2021-47",0.15807439,2021,47,2021-11-22,2021-11-28
"2021-48",0.37070022,2021,48,2021-11-29,2021-11-29
"2021-48",0.37070022,2021,48,2021-11-29,2021-11-30
"2021-48",0.37070022,2021,48,2021-11-29,2021-12-01
"2021-48",0.37070022,2021,48,2021-11-29,2021-12-02
"2021-48",0.37070022,2021,48,2021-11-29,2021-12-03
"2021-48",0.37070022,2021,48,2021-11-29,2021-12-04
"2021-48",0.37070022,2021,48,2021-11-29,2021-12-05
"2021-49",1.04371278,2021,49,2021-12-06,2021-12-06
"2021-49",1.04371278,2021,49,2021-12-06,2021-12-07
"2021-49",1.04371278,2021,49,2021-12-06,2021-12-08
"2021-49",1.04371278,2021,49,2021-12-06,2021-12-09
"2021-49",1.04371278,2021,49,2021-12-06,2021-12-10
"2021-49",1.04371278,2021,49,2021-12-06,2021-12-11
"2021-49",1.04371278,2021,49,2021-12-06,2021-12-12
"2021-50",0.76970772,2021,50,2021-12-13,2021-12-13
"2021-50",0.76970772,2021,50,2021-12-13,2021-12-14
"2021-50",0.76970772,2021,50,2021-12-13,2021-12-15
"2021-50",0.76970772,2021,50,2021-12-13,2021-12-16
"2021-50",0.76970772,2021,50,2021-12-13,2021-12-17
"2021-50",0.76970772,2021,50,2021-12-13,2021-12-18
"2021-50",0.76970772,2021,50,2021-12-13,2021-12-19
"2021-51",0.92660579,2021,51,2021-12-20,2021-12-20
"2021-51",0.92660579,2021,51,2021-12-20,2021-12-21
"2021-51",0.92660579,2021,51,2021-12-20,2021-12-22
"2021-51",0.92660579,2021,51,2021-12-20,2021-12-23
"2021-51",0.92660579,2021,51,2021-12-20,2021-12-24
"2021-51",0.92660579,2021,51,2021-12-20,2021-12-25
"2021-51",0.92660579,2021,51,2021-12-20,2021-12-26
"2021-52",1.83702194,2021,52,2021-12-27,2021-12-27
"2021-52",1.83702194,2021,52,2021-12-27,2021-12-28
"2021-52",1.83702194,2021,52,2021-12-27,2021-12-29
"2021-52",1.83702194,2021,52,2021-12-27,2021-12-30
"2021-52",1.83702194,2021,52,2021-12-27,2021-12-31
"2021-52",1.83702194,2021,52,2021-12-27,2022-01-01
"2021-52",1.83702194,2021,52,2021-12-27,2022-01-02
"2022-01",3.2098905,2022,1,2022-01-03,2022-01-03
"2022-01",3.2098905,2022,1,2022-01-03,2022-01-04
"2022-01",3.2098905,2022,1,2022-01-03,2022-01-05
"2022-01",3.2098905,2022,1,2022-01-03,2022-01-06
"2022-01",3.2098905,2022,1,2022-01-03,2022-01-07
"2022-01",3.2098905,2022,1,2022-01-03,2022-01-08
"2022-01",3.2098905,2022,1,2022-01-03,2022-01-09
"2022-02",7.29006959,2022,2,2022-01-10,2022-01-10
"2022-02",7.29006959,2022,2,2022-01-10,2022-01-11
"2022-02",7.29006959,2022,2,2022-01-10,2022-01-12
"2022-02",7.29006959,2022,2,2022-01-10,2022-01-13
"2022-02",7.29006959,2022,2,2022-01-10,2022-01-14
"2022-02",7.29006959,2022,2,2022-01-10,2022-01-15
"2022-02",7.29006959,2022,2,2022-01-10,2022-01-16
"2022-03",7.96057438,2022,3,2022-01-17,2022-01-17
"2022-03",7.96057438,2022,3,2022-01-17,2022-01-18
"2022-03",7.96057438,2022,3,2022-01-17,2022-01-19
"2022-03",7.96057438,2022,3,2022-01-17,2022-01-20
"2022-03",7.96057438,2022,3,2022-01-17,2022-01-21
"2022-03",7.96057438,2022,3,2022-01-17,2022-01-22
"2022-03",7.96057438,2022,3,2022-01-17,2022-01-23
"2022-04",14.0432282,2022,4,2022-01-24,2022-01-24
"2022-04",14.0432282,2022,4,2022-01-24,2022-01-25
"2022-04",14.0432282,2022,4,2022-01-24,2022-01-26
"2022-04",14.0432282,2022,4,2022-01-24,2022-01-27
"2022-04",14.0432282,2022,4,2022-01-24,2022-01-28
"2022-04",14.0432282,2022,4,2022-01-24,2022-01-29
"2022-04",14.0432282,2022,4,2022-01-24,2022-01-30
"2022-05",13.9463265,2022,5,2022-01-31,2022-01-31
"2022-05",13.9463265,2022,5,2022-01-31,2022-02-01
"2022-05",13.9463265,2022,5,2022-01-31,2022-02-02
"2022-05",13.9463265,2022,5,2022-01-31,2022-02-03
"2022-05",13.9463265,2022,5,2022-01-31,2022-02-04
"2022-05",13.9463265,2022,5,2022-01-31,2022-02-05
"2022-05",13.9463265,2022,5,2022-01-31,2022-02-06
"2022-06",20.3805066,2022,6,2022-02-07,2022-02-07
"2022-06",20.3805066,2022,6,2022-02-07,2022-02-08
"2022-06",20.3805066,2022,6,2022-02-07,2022-02-09
"2022-06",20.3805066,2022,6,2022-02-07,2022-02-10
"2022-06",20.3805066,2022,6,2022-02-07,2022-02-11
"2022-06",20.3805066,2022,6,2022-02-07,2022-02-12
"2022-06",20.3805066,2022,6,2022-02-07,2022-02-13
"2022-07",11.8313038,2022,7,2022-02-14,2022-02-14
"2022-07",11.8313038,2022,7,2022-02-14,2022-02-15
"2022-07",11.8313038,2022,7,2022-02-14,2022-02-16
"2022-07",11.8313038,2022,7,2022-02-14,2022-02-17
"2022-07",11.8313038,2022,7,2022-02-14,2022-02-18
"2022-07",11.8313038,2022,7,2022-02-14,2022-02-19
"2022-07",11.8313038,2022,7,2022-02-14,2022-02-20
"2022-08",6.87290592,2022,8,2022-02-21,2022-02-21
"2022-08",6.87290592,2022,8,2022-02-21,2022-02-22
"2022-08",6.87290592,2022,8,2022-02-21,2022-02-23
"2022-08",6.87290592,2022,8,2022-02-21,2022-02-24
"2022-08",6.87290592,2022,8,2022-02-21,2022-02-25
"2022-08",6.87290592,2022,8,2022-02-21,2022-02-26
"2022-08",6.87290592,2022,8,2022-02-21,2022-02-27
"2022-09",9.67213267,2022,9,2022-02-28,2022-02-28
"2022-09",9.67213267,2022,9,2022-02-28,2022-03-01
"2022-09",9.67213267,2022,9,2022-02-28,2022-03-02
"2022-09",9.67213267,2022,9,2022-02-28,2022-03-03
"2022-09",9.67213267,2022,9,2022-02-28,2022-03-04
"2022-09",9.67213267,2022,9,2022-02-28,2022-03-05
"2022-09",9.67213267,2022,9,2022-02-28,2022-03-06
"2022-10",12.7815012,2022,10,2022-03-07,2022-03-07
"2022-10",12.7815012,2022,10,2022-03-07,2022-03-08
"2022-10",12.7815012,2022,10,2022-03-07,2022-03-09
"2022-10",12.7815012,2022,10,2022-03-07,2022-03-10
"2022-10",12.7815012,2022,10,2022-03-07,2022-03-11
"2022-10",12.7815012,2022,10,2022-03-07,2022-03-12
"2022-10",12.7815012,2022,10,2022-03-07,2022-03-13
"2022-11",6.61135557,2022,11,2022-03-14,2022-03-14
"2022-11",6.61135557,2022,11,2022-03-14,2022-03-15
"2022-11",6.61135557,2022,11,2022-03-14,2022-03-16
"2022-11",6.61135557,2022,11,2022-03-14,2022-03-17
"2022-11",6.61135557,2022,11,2022-03-14,2022-03-18
"2022-11",6.61135557,2022,11,2022-03-14,2022-03-19
"2022-11",6.61135557,2022,11,2022-03-14,2022-03-20
"2022-12",5.22671082,2022,12,2022-03-21,2022-03-21
"2022-12",5.22671082,2022,12,2022-03-21,2022-03-22
"2022-12",5.22671082,2022,12,2022-03-21,2022-03-23
"2022-12",5.22671082,2022,12,2022-03-21,2022-03-24
"2022-12",5.22671082,2022,12,2022-03-21,2022-03-25
"2022-12",5.22671082,2022,12,2022-03-21,2022-03-26
"2022-12",5.22671082,2022,12,2022-03-21,2022-03-27
"2022-13",4.55857042,2022,13,2022-03-28,2022-03-28
"2022-13",4.55857042,2022,13,2022-03-28,2022-03-29
"2022-13",4.55857042,2022,13,2022-03-28,2022-03-30
"2022-13",4.55857042,2022,13,2022-03-28,2022-03-31
"2022-13",4.55857042,2022,13,2022-03-28,2022-04-01
"2022-13",4.55857042,2022,13,2022-03-28,2022-04-02
"2022-13",4.55857042,2022,13,2022-03-28,2022-04-03
"2022-14",4.50114845,2022,14,2022-04-04,2022-04-04
"2022-14",4.50114845,2022,14,2022-04-04,2022-04-05
"2022-14",4.50114845,2022,14,2022-04-04,2022-04-06
"2022-14",4.50114845,2022,14,2022-04-04,2022-04-07
"2022-14",4.50114845,2022,14,2022-04-04,2022-04-08
"2022-14",4.50114845,2022,14,2022-04-04,2022-04-09
"2022-14",4.50114845,2022,14,2022-04-04,2022-04-10
"2022-15",4.19287154,2022,15,2022-04-11,2022-04-11
"2022-15",4.19287154,2022,15,2022-04-11,2022-04-12
"2022-15",4.19287154,2022,15,2022-04-11,2022-04-13
"2022-15",4.19287154,2022,15,2022-04-11,2022-04-14
"2022-15",4.19287154,2022,15,2022-04-11,2022-04-15
"2022-15",4.19287154,2022,15,2022-04-11,2022-04-16
"2022-15",4.19287154,2022,15,2022-04-11,2022-04-17
"2022-16",5.0705548,2022,16,2022-04-18,2022-04-18
"2022-16",5.0705548,2022,16,2022-04-18,2022-04-19
"2022-16",5.0705548,2022,16,2022-04-18,2022-04-20
"2022-16",5.0705548,2022,16,2022-04-18,2022-04-21
"2022-16",5.0705548,2022,16,2022-04-18,2022-04-22
"2022-16",5.0705548,2022,16,2022-04-18,2022-04-23
"2022-16",5.0705548,2022,16,2022-04-18,2022-04-24
"2022-17",3.53224798,2022,17,2022-04-25,2022-04-25
"2022-17",3.53224798,2022,17,2022-04-25,2022-04-26
"2022-17",3.53224798,2022,17,2022-04-25,2022-04-27
"2022-17",3.53224798,2022,17,2022-04-25,2022-04-28
"2022-17",3.53224798,2022,17,2022-04-25,2022-04-29
"2022-17",3.53224798,2022,17,2022-04-25,2022-04-30
"2022-17",3.53224798,2022,17,2022-04-25,2022-05-01
"2022-18",2.67011139,2022,18,2022-05-02,2022-05-02
"2022-18",2.67011139,2022,18,2022-05-02,2022-05-03
"2022-18",2.67011139,2022,18,2022-05-02,2022-05-04
"2022-18",2.67011139,2022,18,2022-05-02,2022-05-05
"2022-18",2.67011139,2022,18,2022-05-02,2022-05-06
"2022-18",2.67011139,2022,18,2022-05-02,2022-05-07
"2022-18",2.67011139,2022,18,2022-05-02,2022-05-08
"2022-19",2.70953321,2022,19,2022-05-09,2022-05-09
"2022-19",2.70953321,2022,19,2022-05-09,2022-05-10
"2022-19",2.70953321,2022,19,2022-05-09,2022-05-11
"2022-19",2.70953321,2022,19,2022-05-09,2022-05-12
"2022-19",2.70953321,2022,19,2022-05-09,2022-05-13
"2022-19",2.70953321,2022,19,2022-05-09,2022-05-14
"2022-19",2.70953321,2022,19,2022-05-09,2022-05-15
"2022-20",1.68949723,2022,20,2022-05-16,2022-05-16
"2022-20",1.68949723,2022,20,2022-05-16,2022-05-17
"2022-20",1.68949723,2022,20,2022-05-16,2022-05-18
"2022-20",1.68949723,2022,20,2022-05-16,2022-05-19
"2022-20",1.68949723,2022,20,2022-05-16,2022-05-20
"2022-20",1.68949723,2022,20,2022-05-16,2022-05-21
"2022-20",1.68949723,2022,20,2022-05-16,2022-05-22
"2022-21",2.48304358,2022,21,2022-05-23,2022-05-23
"2022-21",2.48304358,2022,21,2022-05-23,2022-05-24
"2022-21",2.48304358,2022,21,2022-05-23,2022-05-25
"2022-21",2.48304358,2022,21,2022-05-23,2022-05-26
"2022-21",2.48304358,2022,21,2022-05-23,2022-05-27
"2022-21",2.48304358,2022,21,2022-05-23,2022-05-28
"2022-21",2.48304358,2022,21,2022-05-23,2022-05-29
"2022-22",2.08418512,2022,22,2022-05-30,2022-05-30
"2022-22",2.08418512,2022,22,2022-05-30,2022-05-31
"2022-22",2.08418512,2022,22,2022-05-30,2022-06-01
"2022-22",2.08418512,2022,22,2022-05-30,2022-06-02
"2022-22",2.08418512,2022,22,2022-05-30,2022-06-03
"2022-22",2.08418512,2022,22,2022-05-30,2022-06-04
"2022-22",2.08418512,2022,22,2022-05-30,2022-06-05
"2022-23",3.38621592,2022,23,2022-06-06,2022-06-06
"2022-23",3.38621592,2022,23,2022-06-06,2022-06-07
"2022-23",3.38621592,2022,23,2022-06-06,2022-06-08
"2022-23",3.38621592,2022,23,2022-06-06,2022-06-09
"2022-23",3.38621592,2022,23,2022-06-06,2022-06-10
"2022-23",3.38621592,2022,23,2022-06-06,2022-06-11
"2022-23",3.38621592,2022,23,2022-06-06,2022-06-12
"2022-24",3.82458762,2022,24,2022-06-13,2022-06-13
"2022-24",3.82458762,2022,24,2022-06-13,2022-06-14
"2022-24",3.82458762,2022,24,2022-06-13,2022-06-15
"2022-24",3.82458762,2022,24,2022-06-13,2022-06-16
"2022-24",3.82458762,2022,24,2022-06-13,2022-06-17
"2022-24",3.82458762,2022,24,2022-06-13,2022-06-18
"2022-24",3.82458762,2022,24,2022-06-13,2022-06-19
"2022-25",6.87798733,2022,25,2022-06-20,2022-06-20
"2022-25",6.87798733,2022,25,2022-06-20,2022-06-21
"2022-25",6.87798733,2022,25,2022-06-20,2022-06-22
"2022-25",6.87798733,2022,25,2022-06-20,2022-06-23
"2022-25",6.87798733,2022,25,2022-06-20,2022-06-24
"2022-25",6.87798733,2022,25,2022-06-20,2022-06-25
"2022-25",6.87798733,2022,25,2022-06-20,2022-06-26
"2022-26",8.3554604,2022,26,2022-06-27,2022-06-27
"2022-26",8.3554604,2022,26,2022-06-27,2022-06-28
"2022-26",8.3554604,2022,26,2022-06-27,2022-06-29
"2022-26",8.3554604,2022,26,2022-06-27,2022-06-30
"2022-26",8.3554604,2022,26,2022-06-27,2022-07-01
"2022-26",8.3554604,2022,26,2022-06-27,2022-07-02
"2022-26",8.3554604,2022,26,2022-06-27,2022-07-03
"2022-27",5.97204595,2022,27,2022-07-04,2022-07-04
"2022-27",5.97204595,2022,27,2022-07-04,2022-07-05
"2022-27",5.97204595,2022,27,2022-07-04,2022-07-06
"2022-27",5.97204595,2022,27,2022-07-04,2022-07-07
"2022-27",5.97204595,2022,27,2022-07-04,2022-07-08
"2022-27",5.97204595,2022,27,2022-07-04,2022-07-09
"2022-27",5.97204595,2022,27,2022-07-04,2022-07-10
"2022-28",5.53166796,2022,28,2022-07-11,2022-07-11
"2022-28",5.53166796,2022,28,2022-07-11,2022-07-12
"2022-28",5.53166796,2022,28,2022-07-11,2022-07-13
"2022-28",5.53166796,2022,28,2022-07-11,2022-07-14
"2022-28",5.53166796,2022,28,2022-07-11,2022-07-15
"2022-28",5.53166796,2022,28,2022-07-11,2022-07-16
"2022-28",5.53166796,2022,28,2022-07-11,2022-07-17
"2022-29",5.93038483,2022,29,2022-07-18,2022-07-18
"2022-29",5.93038483,2022,29,2022-07-18,2022-07-19
"2022-29",5.93038483,2022,29,2022-07-18,2022-07-20
"2022-29",5.93038483,2022,29,2022-07-18,2022-07-21
"2022-29",5.93038483,2022,29,2022-07-18,2022-07-22
"2022-29",5.93038483,2022,29,2022-07-18,2022-07-23
"2022-29",5.93038483,2022,29,2022-07-18,2022-07-24
"2022-30",5.4938303,2022,30,2022-07-25,2022-07-25
"2022-30",5.4938303,2022,30,2022-07-25,2022-07-26
"2022-30",5.4938303,2022,30,2022-07-25,2022-07-27
"2022-30",5.4938303,2022,30,2022-07-25,2022-07-28
"2022-30",5.4938303,2022,30,2022-07-25,2022-07-29
"2022-30",5.4938303,2022,30,2022-07-25,2022-07-30
"2022-30",5.4938303,2022,30,2022-07-25,2022-07-31
"2022-31",7.38411695,2022,31,2022-08-01,2022-08-01
"2022-31",7.38411695,2022,31,2022-08-01,2022-08-02
"2022-31",7.38411695,2022,31,2022-08-01,2022-08-03
"2022-31",7.38411695,2022,31,2022-08-01,2022-08-04
"2022-31",7.38411695,2022,31,2022-08-01,2022-08-05
"2022-31",7.38411695,2022,31,2022-08-01,2022-08-06
"2022-31",7.38411695,2022,31,2022-08-01,2022-08-07
"2022-32",4.870208,2022,32,2022-08-08,2022-08-08
"2022-32",4.870208,2022,32,2022-08-08,2022-08-09
"2022-32",4.870208,2022,32,2022-08-08,2022-08-10
"2022-32",4.870208,2022,32,2022-08-08,2022-08-11
"2022-32",4.870208,2022,32,2022-08-08,2022-08-12
"2022-32",4.870208,2022,32,2022-08-08,2022-08-13
"2022-32",4.870208,2022,32,2022-08-08,2022-08-14
"2022-33",5.08145368,2022,33,2022-08-15,2022-08-15
"2022-33",5.08145368,2022,33,2022-08-15,2022-08-16
"2022-33",5.08145368,2022,33,2022-08-15,2022-08-17
"2022-33",5.08145368,2022,33,2022-08-15,2022-08-18
"2022-33",5.08145368,2022,33,2022-08-15,2022-08-19
"2022-33",5.08145368,2022,33,2022-08-15,2022-08-20
"2022-33",5.08145368,2022,33,2022-08-15,2022-08-21
"2022-34",2.1177289,2022,34,2022-08-22,2022-08-22
"2022-34",2.1177289,2022,34,2022-08-22,2022-08-23
"2022-34",2.1177289,2022,34,2022-08-22,2022-08-24
"2022-34",2.1177289,2022,34,2022-08-22,2022-08-25
"2022-34",2.1177289,2022,34,2022-08-22,2022-08-26
"2022-34",2.1177289,2022,34,2022-08-22,2022-08-27
"2022-34",2.1177289,2022,34,2022-08-22,2022-08-28
"2022-35",2.61366502,2022,35,2022-08-29,2022-08-29
"2022-35",2.61366502,2022,35,2022-08-29,2022-08-30
"2022-35",2.61366502,2022,35,2022-08-29,2022-08-31
"2022-35",2.61366502,2022,35,2022-08-29,2022-09-01
"2022-35",2.61366502,2022,35,2022-08-29,2022-09-02
"2022-35",2.61366502,2022,35,2022-08-29,2022-09-03
"2022-35",2.61366502,2022,35,2022-08-29,2022-09-04
"2022-36",2.26156061,2022,36,2022-09-05,2022-09-05
"2022-36",2.26156061,2022,36,2022-09-05,2022-09-06
"2022-36",2.26156061,2022,36,2022-09-05,2022-09-07
"2022-36",2.26156061,2022,36,2022-09-05,2022-09-08
"2022-36",2.26156061,2022,36,2022-09-05,2022-09-09
"2022-36",2.26156061,2022,36,2022-09-05,2022-09-10
"2022-36",2.26156061,2022,36,2022-09-05,2022-09-11
"2022-37",2.3467176,2022,37,2022-09-12,2022-09-12
"2022-37",2.3467176,2022,37,2022-09-12,2022-09-13
"2022-37",2.3467176,2022,37,2022-09-12,2022-09-14
"2022-37",2.3467176,2022,37,2022-09-12,2022-09-15
"2022-37",2.3467176,2022,37,2022-09-12,2022-09-16
"2022-37",2.3467176,2022,37,2022-09-12,2022-09-17
"2022-37",2.3467176,2022,37,2022-09-12,2022-09-18
"2022-38",2.58417867,2022,38,2022-09-19,2022-09-19
"2022-38",2.58417867,2022,38,2022-09-19,2022-09-20
"2022-38",2.58417867,2022,38,2022-09-19,2022-09-21
"2022-38",2.58417867,2022,38,2022-09-19,2022-09-22
"2022-38",2.58417867,2022,38,2022-09-19,2022-09-23
"2022-38",2.58417867,2022,38,2022-09-19,2022-09-24
"2022-38",2.58417867,2022,38,2022-09-19,2022-09-25
"2022-39",2.35631541,2022,39,2022-09-26,2022-09-26
"2022-39",2.35631541,2022,39,2022-09-26,2022-09-27
"2022-39",2.35631541,2022,39,2022-09-26,2022-09-28
"2022-39",2.35631541,2022,39,2022-09-26,2022-09-29
"2022-39",2.35631541,2022,39,2022-09-26,2022-09-30
"2022-39",2.35631541,2022,39,2022-09-26,2022-10-01
"2022-39",2.35631541,2022,39,2022-09-26,2022-10-02
"2022-40",2.02381323,2022,40,2022-10-03,2022-10-03
"2022-40",2.02381323,2022,40,2022-10-03,2022-10-04
"2022-40",2.02381323,2022,40,2022-10-03,2022-10-05
"2022-40",2.02381323,2022,40,2022-10-03,2022-10-06
"2022-40",2.02381323,2022,40,2022-10-03,2022-10-07
"2022-40",2.02381323,2022,40,2022-10-03,2022-10-08
"2022-40",2.02381323,2022,40,2022-10-03,2022-10-09
"2022-41",1.26623669,2022,41,2022-10-10,2022-10-10
"2022-41",1.26623669,2022,41,2022-10-10,2022-10-11
"2022-41",1.26623669,2022,41,2022-10-10,2022-10-12
"2022-41",1.26623669,2022,41,2022-10-10,2022-10-13
"2022-41",1.26623669,2022,41,2022-10-10,2022-10-14
"2022-41",1.26623669,2022,41,2022-10-10,2022-10-15
"2022-41",1.26623669,2022,41,2022-10-10,2022-10-16
"2022-42",3.79912832,2022,42,2022-10-17,2022-10-17
"2022-42",3.79912832,2022,42,2022-10-17,2022-10-18
"2022-42",3.79912832,2022,42,2022-10-17,2022-10-19
"2022-42",3.79912832,2022,42,2022-10-17,2022-10-20
"2022-42",3.79912832,2022,42,2022-10-17,2022-10-21
"2022-42",3.79912832,2022,42,2022-10-17,2022-10-22
"2022-42",3.79912832,2022,42,2022-10-17,2022-10-23
"2022-43",3.09376597,2022,43,2022-10-24,2022-10-24
"2022-43",3.09376597,2022,43,2022-10-24,2022-10-25
"2022-43",3.09376597,2022,43,2022-10-24,2022-10-26
"2022-43",3.09376597,2022,43,2022-10-24,2022-10-27
"2022-43",3.09376597,2022,43,2022-10-24,2022-10-28
"2022-43",3.09376597,2022,43,2022-10-24,2022-10-29
"2022-43",3.09376597,2022,43,2022-10-24,2022-10-30
"2022-44",3.29969851,2022,44,2022-10-31,2022-10-31
"2022-44",3.29969851,2022,44,2022-10-31,2022-11-01
"2022-44",3.29969851,2022,44,2022-10-31,2022-11-02
"2022-44",3.29969851,2022,44,2022-10-31,2022-11-03
"2022-44",3.29969851,2022,44,2022-10-31,2022-11-04
"2022-44",3.29969851,2022,44,2022-10-31,2022-11-05
"2022-44",3.29969851,2022,44,2022-10-31,2022-11-06
"2022-45",2.04238908,2022,45,2022-11-07,2022-11-07
"2022-45",2.04238908,2022,45,2022-11-07,2022-11-08
"2022-45",2.04238908,2022,45,2022-11-07,2022-11-09
"2022-45",2.04238908,2022,45,2022-11-07,2022-11-10
"2022-45",2.04238908,2022,45,2022-11-07,2022-11-11
"2022-45",2.04238908,2022,45,2022-11-07,2022-11-12
"2022-45",2.04238908,2022,45,2022-11-07,2022-11-13
"2022-46",3.4765389,2022,46,2022-11-14,2022-11-14
"2022-46",3.4765389,2022,46,2022-11-14,2022-11-15
"2022-46",3.4765389,2022,46,2022-11-14,2022-11-16
"2022-46",3.4765389,2022,46,2022-11-14,2022-11-17
"2022-46",3.4765389,2022,46,2022-11-14,2022-11-18
"2022-46",3.4765389,2022,46,2022-11-14,2022-11-19
"2022-46",3.4765389,2022,46,2022-11-14,2022-11-20
"2022-47",4.31577151,2022,47,2022-11-21,2022-11-21
"2022-47",4.31577151,2022,47,2022-11-21,2022-11-22
"2022-47",4.31577151,2022,47,2022-11-21,2022-11-23
"2022-47",4.31577151,2022,47,2022-11-21,2022-11-24
"2022-47",4.31577151,2022,47,2022-11-21,2022-11-25
"2022-47",4.31577151,2022,47,2022-11-21,2022-11-26
"2022-47",4.31577151,2022,47,2022-11-21,2022-11-27
"2022-48",4.34891566,2022,48,2022-11-28,2022-11-28
"2022-48",4.34891566,2022,48,2022-11-28,2022-11-29
"2022-48",4.34891566,2022,48,2022-11-28,2022-11-30
"2022-48",4.34891566,2022,48,2022-11-28,2022-12-01
"2022-48",4.34891566,2022,48,2022-11-28,2022-12-02
"2022-48",4.34891566,2022,48,2022-11-28,2022-12-03
"2022-48",4.34891566,2022,48,2022-11-28,2022-12-04
"2022-49",9.1251634,2022,49,2022-12-05,2022-12-05
"2022-49",9.1251634,2022,49,2022-12-05,2022-12-06
"2022-49",9.1251634,2022,49,2022-12-05,2022-12-07
"2022-49",9.1251634,2022,49,2022-12-05,2022-12-08
"2022-49",9.1251634,2022,49,2022-12-05,2022-12-09
"2022-49",9.1251634,2022,49,2022-12-05,2022-12-10
"2022-49",9.1251634,2022,49,2022-12-05,2022-12-11
"2022-50",10.2412494,2022,50,2022-12-12,2022-12-12
"2022-50",10.2412494,2022,50,2022-12-12,2022-12-13
"2022-50",10.2412494,2022,50,2022-12-12,2022-12-14
"2022-50",10.2412494,2022,50,2022-12-12,2022-12-15
"2022-50",10.2412494,2022,50,2022-12-12,2022-12-16
"2022-50",10.2412494,2022,50,2022-12-12,2022-12-17
"2022-50",10.2412494,2022,50,2022-12-12,2022-12-18
"2022-51",14.668095,2022,51,2022-12-19,2022-12-19
"2022-51",14.668095,2022,51,2022-12-19,2022-12-20
"2022-51",14.668095,2022,51,2022-12-19,2022-12-21
"2022-51",14.668095,2022,51,2022-12-19,2022-12-22
"2022-51",14.668095,2022,51,2022-12-19,2022-12-23
"2022-51",14.668095,2022,51,2022-12-19,2022-12-24
"2022-51",14.668095,2022,51,2022-12-19,2022-12-25
"2022-52",16.2172475,2022,52,2022-12-26,2022-12-26
"2022-52",16.2172475,2022,52,2022-12-26,2022-12-27
"2022-52",16.2172475,2022,52,2022-12-26,2022-12-28
"2022-52",16.2172475,2022,52,2022-12-26,2022-12-29
"2022-52",16.2172475,2022,52,2022-12-26,2022-12-30
"2022-52",16.2172475,2022,52,2022-12-26,2022-12-31
"2022-52",16.2172475,2022,52,2022-12-26,2023-01-01
"2023-01",10.4485044,2023,1,2023-01-02,2023-01-02
"2023-01",10.4485044,2023,1,2023-01-02,2023-01-03
"2023-01",10.4485044,2023,1,2023-01-02,2023-01-04
"2023-01",10.4485044,2023,1,2023-01-02,2023-01-05
"2023-01",10.4485044,2023,1,2023-01-02,2023-01-06
"2023-01",10.4485044,2023,1,2023-01-02,2023-01-07
"2023-01",10.4485044,2023,1,2023-01-02,2023-01-08
"2023-02",6.77313702,2023,2,2023-01-09,2023-01-09
"2023-02",6.77313702,2023,2,2023-01-09,2023-01-10
"2023-02",6.77313702,2023,2,2023-01-09,2023-01-11
"2023-02",6.77313702,2023,2,2023-01-09,2023-01-12
"2023-02",6.77313702,2023,2,2023-01-09,2023-01-13
"2023-02",6.77313702,2023,2,2023-01-09,2023-01-14
"2023-02",6.77313702,2023,2,2023-01-09,2023-01-15
"2023-03",4.01246468,2023,3,2023-01-16,2023-01-16
"2023-03",4.01246468,2023,3,2023-01-16,2023-01-17
"2023-03",4.01246468,2023,3,2023-01-16,2023-01-18
"2023-03",4.01246468,2023,3,2023-01-16,2023-01-19
"2023-03",4.01246468,2023,3,2023-01-16,2023-01-20
"2023-03",4.01246468,2023,3,2023-01-16,2023-01-21
"2023-03",4.01246468,2023,3,2023-01-16,2023-01-22
"2023-04",1.40809801,2023,4,2023-01-23,2023-01-23
"2023-04",1.40809801,2023,4,2023-01-23,2023-01-24
"2023-04",1.40809801,2023,4,2023-01-23,2023-01-25
"2023-04",1.40809801,2023,4,2023-01-23,2023-01-26
"2023-04",1.40809801,2023,4,2023-01-23,2023-01-27
"2023-04",1.40809801,2023,4,2023-01-23,2023-01-28
"2023-04",1.40809801,2023,4,2023-01-23,2023-01-29
"2023-05",1.22985093,2023,5,2023-01-30,2023-01-30
"2023-05",1.22985093,2023,5,2023-01-30,2023-01-31
"2023-05",1.22985093,2023,5,2023-01-30,2023-02-01
"2023-05",1.22985093,2023,5,2023-01-30,2023-02-02
"2023-05",1.22985093,2023,5,2023-01-30,2023-02-03
"2023-05",1.22985093,2023,5,2023-01-30,2023-02-04
"2023-05",1.22985093,2023,5,2023-01-30,2023-02-05
"2023-06",4.32043921,2023,6,2023-02-06,2023-02-06
"2023-06",4.32043921,2023,6,2023-02-06,2023-02-07
"2023-06",4.32043921,2023,6,2023-02-06,2023-02-08
"2023-06",4.32043921,2023,6,2023-02-06,2023-02-09
"2023-06",4.32043921,2023,6,2023-02-06,2023-02-10
"2023-06",4.32043921,2023,6,2023-02-06,2023-02-11
"2023-06",4.32043921,2023,6,2023-02-06,2023-02-12
"2023-07",3.32453396,2023,7,2023-02-13,2023-02-13
"2023-07",3.32453396,2023,7,2023-02-13,2023-02-14
"2023-07",3.32453396,2023,7,2023-02-13,2023-02-15
"2023-07",3.32453396,2023,7,2023-02-13,2023-02-16
"2023-07",3.32453396,2023,7,2023-02-13,2023-02-17
"2023-07",3.32453396,2023,7,2023-02-13,2023-02-18
"2023-07",3.32453396,2023,7,2023-02-13,2023-02-19
"2023-08",2.32092234,2023,8,2023-02-20,2023-02-20
"2023-08",2.32092234,2023,8,2023-02-20,2023-02-21
"2023-08",2.32092234,2023,8,2023-02-20,2023-02-22
"2023-08",2.32092234,2023,8,2023-02-20,2023-02-23
"2023-08",2.32092234,2023,8,2023-02-20,2023-02-24
"2023-08",2.32092234,2023,8,2023-02-20,2023-02-25
"2023-08",2.32092234,2023,8,2023-02-20,2023-02-26
"2023-09",3.50997753,2023,9,2023-02-27,2023-02-27
"2023-09",3.50997753,2023,9,2023-02-27,2023-02-28
"2023-09",3.50997753,2023,9,2023-02-27,2023-03-01
"2023-09",3.50997753,2023,9,2023-02-27,2023-03-02
"2023-09",3.50997753,2023,9,2023-02-27,2023-03-03
"2023-09",3.50997753,2023,9,2023-02-27,2023-03-04
"2023-09",3.50997753,2023,9,2023-02-27,2023-03-05
"2023-10",3.26829732,2023,10,2023-03-06,2023-03-06
"2023-10",3.26829732,2023,10,2023-03-06,2023-03-07
"2023-10",3.26829732,2023,10,2023-03-06,2023-03-08
"2023-10",3.26829732,2023,10,2023-03-06,2023-03-09
"2023-10",3.26829732,2023,10,2023-03-06,2023-03-10
"2023-10",3.26829732,2023,10,2023-03-06,2023-03-11
"2023-10",3.26829732,2023,10,2023-03-06,2023-03-12
"2023-11",6.97118055,2023,11,2023-03-13,2023-03-13
"2023-11",6.97118055,2023,11,2023-03-13,2023-03-14
"2023-11",6.97118055,2023,11,2023-03-13,2023-03-15
"2023-11",6.97118055,2023,11,2023-03-13,2023-03-16
"2023-11",6.97118055,2023,11,2023-03-13,2023-03-17
"2023-11",6.97118055,2023,11,2023-03-13,2023-03-18
"2023-11",6.97118055,2023,11,2023-03-13,2023-03-19
"2023-12",4.84594488,2023,12,2023-03-20,2023-03-20
"2023-12",4.84594488,2023,12,2023-03-20,2023-03-21
"2023-12",4.84594488,2023,12,2023-03-20,2023-03-22
"2023-12",4.84594488,2023,12,2023-03-20,2023-03-23
"2023-12",4.84594488,2023,12,2023-03-20,2023-03-24
"2023-12",4.84594488,2023,12,2023-03-20,2023-03-25
"2023-12",4.84594488,2023,12,2023-03-20,2023-03-26
"2023-13",3.05011546,2023,13,2023-03-27,2023-03-27
"2023-13",3.05011546,2023,13,2023-03-27,2023-03-28
"2023-13",3.05011546,2023,13,2023-03-27,2023-03-29
"2023-13",3.05011546,2023,13,2023-03-27,2023-03-30
"2023-13",3.05011546,2023,13,2023-03-27,2023-03-31
"2023-13",3.05011546,2023,13,2023-03-27,2023-04-01
"2023-13",3.05011546,2023,13,2023-03-27,2023-04-02
"2023-14",4.68370599,2023,14,2023-04-03,2023-04-03
"2023-14",4.68370599,2023,14,2023-04-03,2023-04-04
"2023-14",4.68370599,2023,14,2023-04-03,2023-04-05
"2023-14",4.68370599,2023,14,2023-04-03,2023-04-06
"2023-14",4.68370599,2023,14,2023-04-03,2023-04-07
"2023-14",4.68370599,2023,14,2023-04-03,2023-04-08
"2023-14",4.68370599,2023,14,2023-04-03,2023-04-09
"2023-15",6.62742343,2023,15,2023-04-10,2023-04-10
"2023-15",6.62742343,2023,15,2023-04-10,2023-04-11
"2023-15",6.62742343,2023,15,2023-04-10,2023-04-12
"2023-15",6.62742343,2023,15,2023-04-10,2023-04-13
"2023-15",6.62742343,2023,15,2023-04-10,2023-04-14
"2023-15",6.62742343,2023,15,2023-04-10,2023-04-15
"2023-15",6.62742343,2023,15,2023-04-10,2023-04-16
"2023-16",4.32163738,2023,16,2023-04-17,2023-04-17
"2023-16",4.32163738,2023,16,2023-04-17,2023-04-18
"2023-16",4.32163738,2023,16,2023-04-17,2023-04-19
"2023-16",4.32163738,2023,16,2023-04-17,2023-04-20
"2023-16",4.32163738,2023,16,2023-04-17,2023-04-21
"2023-16",4.32163738,2023,16,2023-04-17,2023-04-22
"2023-16",4.32163738,2023,16,2023-04-17,2023-04-23
"2023-17",4.52694839,2023,17,2023-04-24,2023-04-24
"2023-17",4.52694839,2023,17,2023-04-24,2023-04-25
"2023-17",4.52694839,2023,17,2023-04-24,2023-04-26
"2023-17",4.52694839,2023,17,2023-04-24,2023-04-27
"2023-17",4.52694839,2023,17,2023-04-24,2023-04-28
"2023-17",4.52694839,2023,17,2023-04-24,2023-04-29
"2023-17",4.52694839,2023,17,2023-04-24,2023-04-30
"2023-19",3.58095984,2023,19,2023-05-08,2023-05-08
"2023-19",3.58095984,2023,19,2023-05-08,2023-05-09
"2023-19",3.58095984,2023,19,2023-05-08,2023-05-10
"2023-19",3.58095984,2023,19,2023-05-08,2023-05-11
"2023-19",3.58095984,2023,19,2023-05-08,2023-05-12
"2023-19",3.58095984,2023,19,2023-05-08,2023-05-13
"2023-19",3.58095984,2023,19,2023-05-08,2023-05-14
"2023-20",4.90437863,2023,20,2023-05-15,2023-05-15
"2023-20",4.90437863,2023,20,2023-05-15,2023-05-16
"2023-20",4.90437863,2023,20,2023-05-15,2023-05-17
"2023-20",4.90437863,2023,20,2023-05-15,2023-05-18
"2023-20",4.90437863,2023,20,2023-05-15,2023-05-19
"2023-20",4.90437863,2023,20,2023-05-15,2023-05-20
"2023-20",4.90437863,2023,20,2023-05-15,2023-05-21
"2023-21",3.83716615,2023,21,2023-05-22,2023-05-22
"2023-21",3.83716615,2023,21,2023-05-22,2023-05-23
"2023-21",3.83716615,2023,21,2023-05-22,2023-05-24
"2023-21",3.83716615,2023,21,2023-05-22,2023-05-25
"2023-21",3.83716615,2023,21,2023-05-22,2023-05-26
"2023-21",3.83716615,2023,21,2023-05-22,2023-05-27
"2023-21",3.83716615,2023,21,2023-05-22,2023-05-28
"2023-22",5.57283477,2023,22,2023-05-29,2023-05-29
"2023-22",5.57283477,2023,22,2023-05-29,2023-05-30
"2023-22",5.57283477,2023,22,2023-05-29,2023-05-31
"2023-22",5.57283477,2023,22,2023-05-29,2023-06-01
"2023-22",5.57283477,2023,22,2023-05-29,2023-06-02
"2023-22",5.57283477,2023,22,2023-05-29,2023-06-03
"2023-22",5.57283477,2023,22,2023-05-29,2023-06-04
"2023-23",4.8538408,2023,23,2023-06-05,2023-06-05
"2023-23",4.8538408,2023,23,2023-06-05,2023-06-06
"2023-23",4.8538408,2023,23,2023-06-05,2023-06-07
"2023-23",4.8538408,2023,23,2023-06-05,2023-06-08
"2023-23",4.8538408,2023,23,2023-06-05,2023-06-09
"2023-23",4.8538408,2023,23,2023-06-05,2023-06-10
"2023-23",4.8538408,2023,23,2023-06-05,2023-06-11
"2023-24",4.16923704,2023,24,2023-06-12,2023-06-12
"2023-24",4.16923704,2023,24,2023-06-12,2023-06-13
"2023-24",4.16923704,2023,24,2023-06-12,2023-06-14
"2023-24",4.16923704,2023,24,2023-06-12,2023-06-15
"2023-24",4.16923704,2023,24,2023-06-12,2023-06-16
"2023-24",4.16923704,2023,24,2023-06-12,2023-06-17
"2023-24",4.16923704,2023,24,2023-06-12,2023-06-18
"2023-25",2.7004105,2023,25,2023-06-19,2023-06-19
"2023-25",2.7004105,2023,25,2023-06-19,2023-06-20
"2023-25",2.7004105,2023,25,2023-06-19,2023-06-21
"2023-25",2.7004105,2023,25,2023-06-19,2023-06-22
"2023-25",2.7004105,2023,25,2023-06-19,2023-06-23
"2023-25",2.7004105,2023,25,2023-06-19,2023-06-24
"2023-25",2.7004105,2023,25,2023-06-19,2023-06-25
"2023-27",2.29717436,2023,27,2023-07-03,2023-07-03
"2023-27",2.29717436,2023,27,2023-07-03,2023-07-04
"2023-27",2.29717436,2023,27,2023-07-03,2023-07-05
"2023-27",2.29717436,2023,27,2023-07-03,2023-07-06
"2023-27",2.29717436,2023,27,2023-07-03,2023-07-07
"2023-27",2.29717436,2023,27,2023-07-03,2023-07-08
"2023-27",2.29717436,2023,27,2023-07-03,2023-07-09
"2023-28",2.53207533,2023,28,2023-07-10,2023-07-10
"2023-28",2.53207533,2023,28,2023-07-10,2023-07-11
"2023-28",2.53207533,2023,28,2023-07-10,2023-07-12
"2023-28",2.53207533,2023,28,2023-07-10,2023-07-13
"2023-28",2.53207533,2023,28,2023-07-10,2023-07-14
"2023-28",2.53207533,2023,28,2023-07-10,2023-07-15
"2023-28",2.53207533,2023,28,2023-07-10,2023-07-16
"2023-29",5.47368619,2023,29,2023-07-17,2023-07-17
"2023-29",5.47368619,2023,29,2023-07-17,2023-07-18
"2023-29",5.47368619,2023,29,2023-07-17,2023-07-19
"2023-29",5.47368619,2023,29,2023-07-17,2023-07-20
"2023-29",5.47368619,2023,29,2023-07-17,2023-07-21
"2023-29",5.47368619,2023,29,2023-07-17,2023-07-22
"2023-29",5.47368619,2023,29,2023-07-17,2023-07-23
"2023-30",5.4456814,2023,30,2023-07-24,2023-07-24
"2023-30",5.4456814,2023,30,2023-07-24,2023-07-25
"2023-30",5.4456814,2023,30,2023-07-24,2023-07-26
"2023-30",5.4456814,2023,30,2023-07-24,2023-07-27
"2023-30",5.4456814,2023,30,2023-07-24,2023-07-28
"2023-30",5.4456814,2023,30,2023-07-24,2023-07-29
"2023-30",5.4456814,2023,30,2023-07-24,2023-07-30
"2023-31",6.99707221,2023,31,2023-07-31,2023-07-31
"2023-31",6.99707221,2023,31,2023-07-31,2023-08-01
"2023-31",6.99707221,2023,31,2023-07-31,2023-08-02
"2023-31",6.99707221,2023,31,2023-07-31,2023-08-03
"2023-31",6.99707221,2023,31,2023-07-31,2023-08-04
"2023-31",6.99707221,2023,31,2023-07-31,2023-08-05
"2023-31",6.99707221,2023,31,2023-07-31,2023-08-06
"2023-32",4.64234923,2023,32,2023-08-07,2023-08-07
"2023-32",4.64234923,2023,32,2023-08-07,2023-08-08
"2023-32",4.64234923,2023,32,2023-08-07,2023-08-09
"2023-32",4.64234923,2023,32,2023-08-07,2023-08-10
"2023-32",4.64234923,2023,32,2023-08-07,2023-08-11
"2023-32",4.64234923,2023,32,2023-08-07,2023-08-12
"2023-32",4.64234923,2023,32,2023-08-07,2023-08-13
"2023-33",6.20078831,2023,33,2023-08-14,2023-08-14
"2023-33",6.20078831,2023,33,2023-08-14,2023-08-15
"2023-33",6.20078831,2023,33,2023-08-14,2023-08-16
"2023-33",6.20078831,2023,33,2023-08-14,2023-08-17
"2023-33",6.20078831,2023,33,2023-08-14,2023-08-18
"2023-33",6.20078831,2023,33,2023-08-14,2023-08-19
"2023-33",6.20078831,2023,33,2023-08-14,2023-08-20
"2023-34",4.63596968,2023,34,2023-08-21,2023-08-21
"2023-34",4.63596968,2023,34,2023-08-21,2023-08-22
"2023-34",4.63596968,2023,34,2023-08-21,2023-08-23
"2023-34",4.63596968,2023,34,2023-08-21,2023-08-24
"2023-34",4.63596968,2023,34,2023-08-21,2023-08-25
"2023-34",4.63596968,2023,34,2023-08-21,2023-08-26
"2023-34",4.63596968,2023,34,2023-08-21,2023-08-27
"2023-35",10.8812086,2023,35,2023-08-28,2023-08-28
"2023-35",10.8812086,2023,35,2023-08-28,2023-08-29
"2023-35",10.8812086,2023,35,2023-08-28,2023-08-30
"2023-35",10.8812086,2023,35,2023-08-28,2023-08-31
"2023-35",10.8812086,2023,35,2023-08-28,2023-09-01
"2023-35",10.8812086,2023,35,2023-08-28,2023-09-02
"2023-35",10.8812086,2023,35,2023-08-28,2023-09-03
"2023-36",9.530676559,2023,36,2023-09-04,2023-09-04
"2023-36",9.530676559,2023,36,2023-09-04,2023-09-05
"2023-36",9.530676559,2023,36,2023-09-04,2023-09-06
"2023-36",9.530676559,2023,36,2023-09-04,2023-09-07
"2023-36",9.530676559,2023,36,2023-09-04,2023-09-08
"2023-36",9.530676559,2023,36,2023-09-04,2023-09-09
"2023-36",9.530676559,2023,36,2023-09-04,2023-09-10
"2023-37",4.737408364,2023,37,2023-09-11,2023-09-11
"2023-37",4.737408364,2023,37,2023-09-11,2023-09-12
"2023-37",4.737408364,2023,37,2023-09-11,2023-09-13
"2023-37",4.737408364,2023,37,2023-09-11,2023-09-14
"2023-37",4.737408364,2023,37,2023-09-11,2023-09-15
"2023-37",4.737408364,2023,37,2023-09-11,2023-09-16
"2023-37",4.737408364,2023,37,2023-09-11,2023-09-17
"2023-38",4.085071477,2023,38,2023-09-18,2023-09-18
"2023-38",4.085071477,2023,38,2023-09-18,2023-09-19
"2023-38",4.085071477,2023,38,2023-09-18,2023-09-20
"2023-38",4.085071477,2023,38,2023-09-18,2023-09-21
"2023-38",4.085071477,2023,38,2023-09-18,2023-09-22
"2023-38",4.085071477,2023,38,2023-09-18,2023-09-23
"2023-38",4.085071477,2023,38,2023-09-18,2023-09-24
"2023-39",3.10355401,2023,39,2023-09-25,2023-09-25
"2023-39",3.10355401,2023,39,2023-09-25,2023-09-26
"2023-39",3.10355401,2023,39,2023-09-25,2023-09-27
"2023-39",3.10355401,2023,39,2023-09-25,2023-09-28
"2023-39",3.10355401,2023,39,2023-09-25,2023-09-29
"2023-39",3.10355401,2023,39,2023-09-25,2023-09-30
"2023-39",3.10355401,2023,39,2023-09-25,2023-10-01
"2023-40",2.349900444,2023,40,2023-10-02,2023-10-02
"2023-40",2.349900444,2023,40,2023-10-02,2023-10-03
"2023-40",2.349900444,2023,40,2023-10-02,2023-10-04
"2023-40",2.349900444,2023,40,2023-10-02,2023-10-05
"2023-40",2.349900444,2023,40,2023-10-02,2023-10-06
"2023-40",2.349900444,2023,40,2023-10-02,2023-10-07
"2023-40",2.349900444,2023,40,2023-10-02,2023-10-08
"2023-41",2.993517429,2023,41,2023-10-09,2023-10-09
"2023-41",2.993517429,2023,41,2023-10-09,2023-10-10
"2023-41",2.993517429,2023,41,2023-10-09,2023-10-11
"2023-41",2.993517429,2023,41,2023-10-09,2023-10-12
"2023-41",2.993517429,2023,41,2023-10-09,2023-10-13
"2023-41",2.993517429,2023,41,2023-10-09,2023-10-14
"2023-41",2.993517429,2023,41,2023-10-09,2023-10-15
"2023-42",4.089026275,2023,42,2023-10-16,2023-10-16
"2023-42",4.089026275,2023,42,2023-10-16,2023-10-17
"2023-42",4.089026275,2023,42,2023-10-16,2023-10-18
"2023-42",4.089026275,2023,42,2023-10-16,2023-10-19
"2023-42",4.089026275,2023,42,2023-10-16,2023-10-20
"2023-42",4.089026275,2023,42,2023-10-16,2023-10-21
"2023-42",4.089026275,2023,42,2023-10-16,2023-10-22
"2023-43",7.57932592,2023,43,2023-10-23,2023-10-23
"2023-43",7.57932592,2023,43,2023-10-23,2023-10-24
"2023-43",7.57932592,2023,43,2023-10-23,2023-10-25
"2023-43",7.57932592,2023,43,2023-10-23,2023-10-26
"2023-43",7.57932592,2023,43,2023-10-23,2023-10-27
"2023-43",7.57932592,2023,43,2023-10-23,2023-10-28
"2023-43",7.57932592,2023,43,2023-10-23,2023-10-29
"2023-44",12.25909412,2023,44,2023-10-30,2023-10-30
"2023-44",12.25909412,2023,44,2023-10-30,2023-10-31
"2023-44",12.25909412,2023,44,2023-10-30,2023-11-01
"2023-44",12.25909412,2023,44,2023-10-30,2023-11-02
"2023-44",12.25909412,2023,44,2023-10-30,2023-11-03
"2023-44",12.25909412,2023,44,2023-10-30,2023-11-04
"2023-44",12.25909412,2023,44,2023-10-30,2023-11-05
"2023-45",17.92697069,2023,45,2023-11-06,2023-11-06
"2023-45",17.92697069,2023,45,2023-11-06,2023-11-07
"2023-45",17.92697069,2023,45,2023-11-06,2023-11-08
"2023-45",17.92697069,2023,45,2023-11-06,2023-11-09
"2023-45",17.92697069,2023,45,2023-11-06,2023-11-10
"2023-45",17.92697069,2023,45,2023-11-06,2023-11-11
"2023-45",17.92697069,2023,45,2023-11-06,2023-11-12
"2023-46",9.492485009,2023,46,2023-11-13,2023-11-13
"2023-46",9.492485009,2023,46,2023-11-13,2023-11-14
"2023-46",9.492485009,2023,46,2023-11-13,2023-11-15
"2023-46",9.492485009,2023,46,2023-11-13,2023-11-16
"2023-46",9.492485009,2023,46,2023-11-13,2023-11-17
"2023-46",9.492485009,2023,46,2023-11-13,2023-11-18
"2023-46",9.492485009,2023,46,2023-11-13,2023-11-19
"2023-47",10.47503479,2023,47,2023-11-20,2023-11-20
"2023-47",10.47503479,2023,47,2023-11-20,2023-11-21
"2023-47",10.47503479,2023,47,2023-11-20,2023-11-22
"2023-47",10.47503479,2023,47,2023-11-20,2023-11-23
"2023-47",10.47503479,2023,47,2023-11-20,2023-11-24
"2023-47",10.47503479,2023,47,2023-11-20,2023-11-25
"2023-47",10.47503479,2023,47,2023-11-20,2023-11-26
"2023-48",10.09824575,2023,48,2023-11-27,2023-11-27
"2023-48",10.09824575,2023,48,2023-11-27,2023-11-28
"2023-48",10.09824575,2023,48,2023-11-27,2023-11-29
"2023-48",10.09824575,2023,48,2023-11-27,2023-11-30
"2023-48",10.09824575,2023,48,2023-11-27,2023-12-01
"2023-48",10.09824575,2023,48,2023-11-27,2023-12-02
"2023-48",10.09824575,2023,48,2023-11-27,2023-12-03
"2023-49",10.53216333,2023,49,2023-12-04,2023-12-04
"2023-49",10.53216333,2023,49,2023-12-04,2023-12-05
"2023-49",10.53216333,2023,49,2023-12-04,2023-12-06
"2023-49",10.53216333,2023,49,2023-12-04,2023-12-07
"2023-49",10.53216333,2023,49,2023-12-04,2023-12-08
"2023-49",10.53216333,2023,49,2023-12-04,2023-12-09
"2023-49",10.53216333,2023,49,2023-12-04,2023-12-10
"2023-50",8.811652949,2023,50,2023-12-11,2023-12-11
"2023-50",8.811652949,2023,50,2023-12-11,2023-12-12
"2023-50",8.811652949,2023,50,2023-12-11,2023-12-13
"2023-50",8.811652949,2023,50,2023-12-11,2023-12-14
"2023-50",8.811652949,2023,50,2023-12-11,2023-12-15
"2023-50",8.811652949,2023,50,2023-12-11,2023-12-16
"2023-50",8.811652949,2023,50,2023-12-11,2023-12-17
"2023-51",19.75569703,2023,51,2023-12-18,2023-12-18
"2023-51",19.75569703,2023,51,2023-12-18,2023-12-19
"2023-51",19.75569703,2023,51,2023-12-18,2023-12-20
"2023-51",19.75569703,2023,51,2023-12-18,2023-12-21
"2023-51",19.75569703,2023,51,2023-12-18,2023-12-22
"2023-51",19.75569703,2023,51,2023-12-18,2023-12-23
"2023-51",19.75569703,2023,51,2023-12-18,2023-12-24
"2023-52",13.61229769,2023,52,2023-12-25,2023-12-25
"2023-52",13.61229769,2023,52,2023-12-25,2023-12-26
"2023-52",13.61229769,2023,52,2023-12-25,2023-12-27
"2023-52",13.61229769,2023,52,2023-12-25,2023-12-28
"2023-52",13.61229769,2023,52,2023-12-25,2023-12-29
"2023-52",13.61229769,2023,52,2023-12-25,2023-12-30
"2023-52",13.61229769,2023,52,2023-12-25,2023-12-31
"2024-01",11.73993574,2024,1,2024-01-01,2024-01-01
"2024-01",11.73993574,2024,1,2024-01-01,2024-01-02
"2024-01",11.73993574,2024,1,2024-01-01,2024-01-03
"2024-01",11.73993574,2024,1,2024-01-01,2024-01-04
"2024-01",11.73993574,2024,1,2024-01-01,2024-01-05
"2024-01",11.73993574,2024,1,2024-01-01,2024-01-06
"2024-01",11.73993574,2024,1,2024-01-01,2024-01-07
"2024-02",4.350504955,2024,2,2024-01-08,2024-01-08
"2024-02",4.350504955,2024,2,2024-01-08,2024-01-09
"2024-02",4.350504955,2024,2,2024-01-08,2024-01-10
"2024-02",4.350504955,2024,2,2024-01-08,2024-01-11
"2024-02",4.350504955,2024,2,2024-01-08,2024-01-12
"2024-02",4.350504955,2024,2,2024-01-08,2024-01-13
"2024-02",4.350504955,2024,2,2024-01-08,2024-01-14
"2024-03",3.931658,2024,3,2024-01-15,2024-01-15
"2024-03",3.931658,2024,3,2024-01-15,2024-01-16
"2024-03",3.931658,2024,3,2024-01-15,2024-01-17
"2024-03",3.931658,2024,3,2024-01-15,2024-01-18
"2024-03",3.931658,2024,3,2024-01-15,2024-01-19
"2024-03",3.931658,2024,3,2024-01-15,2024-01-20
"2024-03",3.931658,2024,3,2024-01-15,2024-01-21
"2024-04",2.402310869,2024,4,2024-01-22,2024-01-22
"2024-04",2.402310869,2024,4,2024-01-22,2024-01-23
"2024-04",2.402310869,2024,4,2024-01-22,2024-01-24
"2024-04",2.402310869,2024,4,2024-01-22,2024-01-25
"2024-04",2.402310869,2024,4,2024-01-22,2024-01-26
"2024-04",2.402310869,2024,4,2024-01-22,2024-01-27
"2024-04",2.402310869,2024,4,2024-01-22,2024-01-28
"2024-05",3.732185738,2024,5,2024-01-29,2024-01-29
"2024-05",3.732185738,2024,5,2024-01-29,2024-01-30
"2024-05",3.732185738,2024,5,2024-01-29,2024-01-31
"2024-05",3.732185738,2024,5,2024-01-29,2024-02-01
"2024-05",3.732185738,2024,5,2024-01-29,2024-02-02
"2024-05",3.732185738,2024,5,2024-01-29,2024-02-03
"2024-05",3.732185738,2024,5,2024-01-29,2024-02-04
"2024-06",3.656100734,2024,6,2024-02-05,2024-02-05
"2024-06",3.656100734,2024,6,2024-02-05,2024-02-06
"2024-06",3.656100734,2024,6,2024-02-05,2024-02-07
"2024-06",3.656100734,2024,6,2024-02-05,2024-02-08
"2024-06",3.656100734,2024,6,2024-02-05,2024-02-09
"2024-06",3.656100734,2024,6,2024-02-05,2024-02-10
"2024-06",3.656100734,2024,6,2024-02-05,2024-02-11
"2024-07",1.656990523,2024,7,2024-02-12,2024-02-12
"2024-07",1.656990523,2024,7,2024-02-12,2024-02-13
"2024-07",1.656990523,2024,7,2024-02-12,2024-02-14
"2024-07",1.656990523,2024,7,2024-02-12,2024-02-15
"2024-07",1.656990523,2024,7,2024-02-12,2024-02-16
"2024-07",1.656990523,2024,7,2024-02-12,2024-02-17
"2024-07",1.656990523,2024,7,2024-02-12,2024-02-18
"2024-08",1.156702478,2024,8,2024-02-19,2024-02-19
"2024-08",1.156702478,2024,8,2024-02-19,2024-02-20
"2024-08",1.156702478,2024,8,2024-02-19,2024-02-21
"2024-08",1.156702478,2024,8,2024-02-19,2024-02-22
"2024-08",1.156702478,2024,8,2024-02-19,2024-02-23
"2024-08",1.156702478,2024,8,2024-02-19,2024-02-24
"2024-08",1.156702478,2024,8,2024-02-19,2024-02-25
"2024-09",1.184736321,2024,9,2024-02-26,2024-02-26
"2024-09",1.184736321,2024,9,2024-02-26,2024-02-27
"2024-09",1.184736321,2024,9,2024-02-26,2024-02-28
"2024-09",1.184736321,2024,9,2024-02-26,2024-02-29
"2024-09",1.184736321,2024,9,2024-02-26,2024-03-01
"2024-09",1.184736321,2024,9,2024-02-26,2024-03-02
"2024-09",1.184736321,2024,9,2024-02-26,2024-03-03
"2024-10",0.248706045,2024,10,2024-03-04,2024-03-04
"2024-10",0.248706045,2024,10,2024-03-04,2024-03-05
"2024-10",0.248706045,2024,10,2024-03-04,2024-03-06
"2024-10",0.248706045,2024,10,2024-03-04,2024-03-07
"2024-10",0.248706045,2024,10,2024-03-04,2024-03-08
"2024-10",0.248706045,2024,10,2024-03-04,2024-03-09
"2024-10",0.248706045,2024,10,2024-03-04,2024-03-10
"2024-11",0.838869262,2024,11,2024-03-11,2024-03-11
"2024-11",0.838869262,2024,11,2024-03-11,2024-03-12
"2024-11",0.838869262,2024,11,2024-03-11,2024-03-13
"2024-11",0.838869262,2024,11,2024-03-11,2024-03-14
"2024-11",0.838869262,2024,11,2024-03-11,2024-03-15
"2024-11",0.838869262,2024,11,2024-03-11,2024-03-16
"2024-11",0.838869262,2024,11,2024-03-11,2024-03-17
"2024-12",0.806221924,2024,12,2024-03-18,2024-03-18
"2024-12",0.806221924,2024,12,2024-03-18,2024-03-19
"2024-12",0.806221924,2024,12,2024-03-18,2024-03-20
"2024-12",0.806221924,2024,12,2024-03-18,2024-03-21
"2024-12",0.806221924,2024,12,2024-03-18,2024-03-22
"2024-12",0.806221924,2024,12,2024-03-18,2024-03-23
"2024-12",0.806221924,2024,12,2024-03-18,2024-03-24
"2024-13",1.027518428,2024,13,2024-03-25,2024-03-25
"2024-13",1.027518428,2024,13,2024-03-25,2024-03-26
"2024-13",1.027518428,2024,13,2024-03-25,2024-03-27
"2024-13",1.027518428,2024,13,2024-03-25,2024-03-28
"2024-13",1.027518428,2024,13,2024-03-25,2024-03-29
"2024-13",1.027518428,2024,13,2024-03-25,2024-03-30
"2024-13",1.027518428,2024,13,2024-03-25,2024-03-31
"2024-14",1.482867588,2024,14,2024-04-01,2024-04-01
"2024-14",1.482867588,2024,14,2024-04-01,2024-04-02
"2024-14",1.482867588,2024,14,2024-04-01,2024-04-03
"2024-14",1.482867588,2024,14,2024-04-01,2024-04-04
"2024-14",1.482867588,2024,14,2024-04-01,2024-04-05
"2024-14",1.482867588,2024,14,2024-04-01,2024-04-06
"2024-14",1.482867588,2024,14,2024-04-01,2024-04-07
"2024-15",0.536191611,2024,15,2024-04-08,2024-04-08
"2024-15",0.536191611,2024,15,2024-04-08,2024-04-09
"2024-15",0.536191611,2024,15,2024-04-08,2024-04-10
"2024-15",0.536191611,2024,15,2024-04-08,2024-04-11
"2024-15",0.536191611,2024,15,2024-04-08,2024-04-12
"2024-15",0.536191611,2024,15,2024-04-08,2024-04-13
"2024-15",0.536191611,2024,15,2024-04-08,2024-04-14
"2024-16",1.059686027,2024,16,2024-04-15,2024-04-15
"2024-16",1.059686027,2024,16,2024-04-15,2024-04-16
"2024-16",1.059686027,2024,16,2024-04-15,2024-04-17
"2024-16",1.059686027,2024,16,2024-04-15,2024-04-18
"2024-16",1.059686027,2024,16,2024-04-15,2024-04-19
"2024-16",1.059686027,2024,16,2024-04-15,2024-04-20
"2024-16",1.059686027,2024,16,2024-04-15,2024-04-21
"2024-17",1.532523223,2024,17,2024-04-22,2024-04-22
"2024-17",1.532523223,2024,17,2024-04-22,2024-04-23
"2024-17",1.532523223,2024,17,2024-04-22,2024-04-24
"2024-17",1.532523223,2024,17,2024-04-22,2024-04-25
"2024-17",1.532523223,2024,17,2024-04-22,2024-04-26
"2024-17",1.532523223,2024,17,2024-04-22,2024-04-27
"2024-17",1.532523223,2024,17,2024-04-22,2024-04-28
"2024-18",2.505062438,2024,18,2024-04-29,2024-04-29
"2024-18",2.505062438,2024,18,2024-04-29,2024-04-30
"2024-18",2.505062438,2024,18,2024-04-29,2024-05-01
"2024-18",2.505062438,2024,18,2024-04-29,2024-05-02
"2024-18",2.505062438,2024,18,2024-04-29,2024-05-03
"2024-18",2.505062438,2024,18,2024-04-29,2024-05-04
"2024-18",2.505062438,2024,18,2024-04-29,2024-05-05
"2024-19",3.028333676,2024,19,2024-05-06,2024-05-06
"2024-19",3.028333676,2024,19,2024-05-06,2024-05-07
"2024-19",3.028333676,2024,19,2024-05-06,2024-05-08
"2024-19",3.028333676,2024,19,2024-05-06,2024-05-09
"2024-19",3.028333676,2024,19,2024-05-06,2024-05-10
"2024-19",3.028333676,2024,19,2024-05-06,2024-05-11
"2024-19",3.028333676,2024,19,2024-05-06,2024-05-12
"2024-20",2.839983301,2024,20,2024-05-13,2024-05-13
"2024-20",2.839983301,2024,20,2024-05-13,2024-05-14
"2024-20",2.839983301,2024,20,2024-05-13,2024-05-15
"2024-20",2.839983301,2024,20,2024-05-13,2024-05-16
"2024-20",2.839983301,2024,20,2024-05-13,2024-05-17
"2024-20",2.839983301,2024,20,2024-05-13,2024-05-18
"2024-20",2.839983301,2024,20,2024-05-13,2024-05-19
"2024-21",4.678261528,2024,21,2024-05-20,2024-05-20
"2024-21",4.678261528,2024,21,2024-05-20,2024-05-21
"2024-21",4.678261528,2024,21,2024-05-20,2024-05-22
"2024-21",4.678261528,2024,21,2024-05-20,2024-05-23
"2024-21",4.678261528,2024,21,2024-05-20,2024-05-24
"2024-21",4.678261528,2024,21,2024-05-20,2024-05-25
"2024-21",4.678261528,2024,21,2024-05-20,2024-05-26
"2024-22",0.428083354,2024,22,2024-05-27,2024-05-27
"2024-22",0.428083354,2024,22,2024-05-27,2024-05-28
"2024-22",0.428083354,2024,22,2024-05-27,2024-05-29
"2024-22",0.428083354,2024,22,2024-05-27,2024-05-30
"2024-22",0.428083354,2024,22,2024-05-27,2024-05-31
"2024-22",0.428083354,2024,22,2024-05-27,2024-06-01
"2024-22",0.428083354,2024,22,2024-05-27,2024-06-02
"2024-23",1.469995648,2024,23,2024-06-03,2024-06-03
"2024-23",1.469995648,2024,23,2024-06-03,2024-06-04
"2024-23",1.469995648,2024,23,2024-06-03,2024-06-05
"2024-23",1.469995648,2024,23,2024-06-03,2024-06-06
"2024-23",1.469995648,2024,23,2024-06-03,2024-06-07
"2024-23",1.469995648,2024,23,2024-06-03,2024-06-08
"2024-23",1.469995648,2024,23,2024-06-03,2024-06-09
"2024-24",2.28648245,2024,24,2024-06-10,2024-06-10
"2024-24",2.28648245,2024,24,2024-06-10,2024-06-11
"2024-24",2.28648245,2024,24,2024-06-10,2024-06-12
"2024-24",2.28648245,2024,24,2024-06-10,2024-06-13
"2024-24",2.28648245,2024,24,2024-06-10,2024-06-14
"2024-24",2.28648245,2024,24,2024-06-10,2024-06-15
"2024-24",2.28648245,2024,24,2024-06-10,2024-06-16
"2024-25",1.928448499,2024,25,2024-06-17,2024-06-17
"2024-25",1.928448499,2024,25,2024-06-17,2024-06-18
"2024-25",1.928448499,2024,25,2024-06-17,2024-06-19
"2024-25",1.928448499,2024,25,2024-06-17,2024-06-20
"2024-25",1.928448499,2024,25,2024-06-17,2024-06-21
"2024-25",1.928448499,2024,25,2024-06-17,2024-06-22
"2024-25",1.928448499,2024,25,2024-06-17,2024-06-23
"2024-26",3.068844559,2024,26,2024-06-24,2024-06-24
"2024-26",3.068844559,2024,26,2024-06-24,2024-06-25
"2024-26",3.068844559,2024,26,2024-06-24,2024-06-26
"2024-26",3.068844559,2024,26,2024-06-24,2024-06-27
"2024-26",3.068844559,2024,26,2024-06-24,2024-06-28
"2024-26",3.068844559,2024,26,2024-06-24,2024-06-29
"2024-26",3.068844559,2024,26,2024-06-24,2024-06-30
"2024-27",4.81779753,2024,27,2024-07-01,2024-07-01
"2024-27",4.81779753,2024,27,2024-07-01,2024-07-02
"2024-27",4.81779753,2024,27,2024-07-01,2024-07-03
"2024-27",4.81779753,2024,27,2024-07-01,2024-07-04
"2024-27",4.81779753,2024,27,2024-07-01,2024-07-05
"2024-27",4.81779753,2024,27,2024-07-01,2024-07-06
"2024-27",4.81779753,2024,27,2024-07-01,2024-07-07
"2024-28",6.382178703,2024,28,2024-07-08,2024-07-08
"2024-28",6.382178703,2024,28,2024-07-08,2024-07-09
"2024-28",6.382178703,2024,28,2024-07-08,2024-07-10
"2024-28",6.382178703,2024,28,2024-07-08,2024-07-11
"2024-28",6.382178703,2024,28,2024-07-08,2024-07-12
"2024-28",6.382178703,2024,28,2024-07-08,2024-07-13
"2024-28",6.382178703,2024,28,2024-07-08,2024-07-14
"2024-29",4.086118487,2024,29,2024-07-15,2024-07-15
"2024-29",4.086118487,2024,29,2024-07-15,2024-07-16
"2024-29",4.086118487,2024,29,2024-07-15,2024-07-17
"2024-29",4.086118487,2024,29,2024-07-15,2024-07-18
"2024-29",4.086118487,2024,29,2024-07-15,2024-07-19
"2024-29",4.086118487,2024,29,2024-07-15,2024-07-20
"2024-29",4.086118487,2024,29,2024-07-15,2024-07-21
"2024-30",6.789271904,2024,30,2024-07-22,2024-07-22
"2024-30",6.789271904,2024,30,2024-07-22,2024-07-23
"2024-30",6.789271904,2024,30,2024-07-22,2024-07-24
"2024-30",6.789271904,2024,30,2024-07-22,2024-07-25
"2024-30",6.789271904,2024,30,2024-07-22,2024-07-26
"2024-30",6.789271904,2024,30,2024-07-22,2024-07-27
"2024-30",6.789271904,2024,30,2024-07-22,2024-07-28
"2024-31",6.462635808,2024,31,2024-07-29,2024-07-29
"2024-31",6.462635808,2024,31,2024-07-29,2024-07-30
"2024-31",6.462635808,2024,31,2024-07-29,2024-07-31
"2024-31",6.462635808,2024,31,2024-07-29,2024-08-01
"2024-31",6.462635808,2024,31,2024-07-29,2024-08-02
"2024-31",6.462635808,2024,31,2024-07-29,2024-08-03
"2024-31",6.462635808,2024,31,2024-07-29,2024-08-04
"2024-32",16.37412046,2024,32,2024-08-05,2024-08-05
"2024-32",16.37412046,2024,32,2024-08-05,2024-08-06
"2024-32",16.37412046,2024,32,2024-08-05,2024-08-07
"2024-32",16.37412046,2024,32,2024-08-05,2024-08-08
"2024-32",16.37412046,2024,32,2024-08-05,2024-08-09
"2024-32",16.37412046,2024,32,2024-08-05,2024-08-10
"2024-32",16.37412046,2024,32,2024-08-05,2024-08-11
"2024-33",18.84993266,2024,33,2024-08-12,2024-08-12
"2024-33",18.84993266,2024,33,2024-08-12,2024-08-13
"2024-33",18.84993266,2024,33,2024-08-12,2024-08-14
"2024-33",18.84993266,2024,33,2024-08-12,2024-08-15
"2024-33",18.84993266,2024,33,2024-08-12,2024-08-16
"2024-33",18.84993266,2024,33,2024-08-12,2024-08-17
"2024-33",18.84993266,2024,33,2024-08-12,2024-08-18
"2024-34",15.03478417,2024,34,2024-08-19,2024-08-19
"2024-34",15.03478417,2024,34,2024-08-19,2024-08-20
"2024-34",15.03478417,2024,34,2024-08-19,2024-08-21
"2024-34",15.03478417,2024,34,2024-08-19,2024-08-22
"2024-34",15.03478417,2024,34,2024-08-19,2024-08-23
"2024-34",15.03478417,2024,34,2024-08-19,2024-08-24
"2024-34",15.03478417,2024,34,2024-08-19,2024-08-25
"2024-35",13.43244666,2024,35,2024-08-26,2024-08-26
"2024-35",13.43244666,2024,35,2024-08-26,2024-08-27
"2024-35",13.43244666,2024,35,2024-08-26,2024-08-28
"2024-35",13.43244666,2024,35,2024-08-26,2024-08-29
"2024-35",13.43244666,2024,35,2024-08-26,2024-08-30
"2024-35",13.43244666,2024,35,2024-08-26,2024-08-31
"2024-35",13.43244666,2024,35,2024-08-26,2024-09-01
"2024-36",6.179065201,2024,36,2024-09-02,2024-09-02
"2024-36",6.179065201,2024,36,2024-09-02,2024-09-03
"2024-36",6.179065201,2024,36,2024-09-02,2024-09-04
"2024-36",6.179065201,2024,36,2024-09-02,2024-09-05
"2024-36",6.179065201,2024,36,2024-09-02,2024-09-06
"2024-36",6.179065201,2024,36,2024-09-02,2024-09-07
"2024-36",6.179065201,2024,36,2024-09-02,2024-09-08
"2024-37",10.54816216,2024,37,2024-09-09,2024-09-09
"2024-37",10.54816216,2024,37,2024-09-09,2024-09-10
"2024-37",10.54816216,2024,37,2024-09-09,2024-09-11
"2024-37",10.54816216,2024,37,2024-09-09,2024-09-12
"2024-37",10.54816216,2024,37,2024-09-09,2024-09-13
"2024-37",10.54816216,2024,37,2024-09-09,2024-09-14
"2024-37",10.54816216,2024,37,2024-09-09,2024-09-15
"2024-38",9.67625116,2024,38,2024-09-16,2024-09-16
"2024-38",9.67625116,2024,38,2024-09-16,2024-09-17
"2024-38",9.67625116,2024,38,2024-09-16,2024-09-18
"2024-38",9.67625116,2024,38,2024-09-16,2024-09-19
"2024-38",9.67625116,2024,38,2024-09-16,2024-09-20
"2024-38",9.67625116,2024,38,2024-09-16,2024-09-21
"2024-38",9.67625116,2024,38,2024-09-16,2024-09-22
"2024-39",6.587641424,2024,39,2024-09-23,2024-09-23
"2024-39",6.587641424,2024,39,2024-09-23,2024-09-24
"2024-39",6.587641424,2024,39,2024-09-23,2024-09-25
"2024-39",6.587641424,2024,39,2024-09-23,2024-09-26
"2024-39",6.587641424,2024,39,2024-09-23,2024-09-27
"2024-39",6.587641424,2024,39,2024-09-23,2024-09-28
"2024-39",6.587641424,2024,39,2024-09-23,2024-09-29
